{
    "metadata": [
        [
            1324,
            "Sulfate-L-Lysine",
            "KBaseBiochem.Media-1.0",
            "2021-09-06T23:16:41+0000",
            1,
            "anabcoelho",
            97098,
            "anabcoelho:narrative_1629295500006",
            "1f856aec7714fe627451c5152a087d84",
            2057,
            {}
        ]
    ],
    "provenance": [
        {
            "copied": "262/7/1",
            "copy_source_inaccessible": 0,
            "created": "2014-01-18T09:02:30+0000",
            "creator": "chenry",
            "epoch": 1390035750088,
            "extracted_ids": {},
            "info": [
                1324,
                "Sulfate-L-Lysine",
                "KBaseBiochem.Media-1.0",
                "2021-09-06T23:16:41+0000",
                1,
                "anabcoelho",
                97098,
                "anabcoelho:narrative_1629295500006",
                "1f856aec7714fe627451c5152a087d84",
                2057,
                {}
            ],
            "path": [
                "97098/1324/1"
            ],
            "provenance": [
                {
                    "custom": {},
                    "epoch": 1371747877000,
                    "external_data": [],
                    "input_ws_objects": [],
                    "intermediate_incoming": [],
                    "intermediate_outgoing": [],
                    "method": "load_media_from_bio",
                    "method_params": [],
                    "resolved_ws_objects": [],
                    "service": "KBaseFBAModeling",
                    "service_ver": "0",
                    "subactions": [],
                    "time": "2013-06-20T17:04:37+0000"
                }
            ],
            "refs": []
        }
    ]
}