{
    "metadata": [
        [
            1340,
            "Sulfate-Lanthionine",
            "KBaseBiochem.Media-1.0",
            "2021-09-06T23:26:13+0000",
            1,
            "anabcoelho",
            97098,
            "anabcoelho:narrative_1629295500006",
            "6b1343209c11ae13d543172a222ca337",
            2053,
            {}
        ]
    ],
    "provenance": [
        {
            "copied": "262/59/1",
            "copy_source_inaccessible": 0,
            "created": "2014-01-18T09:15:33+0000",
            "creator": "chenry",
            "epoch": 1390036533954,
            "extracted_ids": {},
            "info": [
                1340,
                "Sulfate-Lanthionine",
                "KBaseBiochem.Media-1.0",
                "2021-09-06T23:26:13+0000",
                1,
                "anabcoelho",
                97098,
                "anabcoelho:narrative_1629295500006",
                "6b1343209c11ae13d543172a222ca337",
                2053,
                {}
            ],
            "path": [
                "97098/1340/1"
            ],
            "provenance": [
                {
                    "custom": {},
                    "epoch": 1371747879000,
                    "external_data": [],
                    "input_ws_objects": [],
                    "intermediate_incoming": [],
                    "intermediate_outgoing": [],
                    "method": "load_media_from_bio",
                    "method_params": [],
                    "resolved_ws_objects": [],
                    "service": "KBaseFBAModeling",
                    "service_ver": "0",
                    "subactions": [],
                    "time": "2013-06-20T17:04:39+0000"
                }
            ],
            "refs": []
        }
    ]
}