{
    "metadata": [
        [
            751,
            "Sulfate-Carbon",
            "KBaseBiochem.Media-1.0",
            "2021-08-26T02:03:17+0000",
            1,
            "anabcoelho",
            97098,
            "anabcoelho:narrative_1629295500006",
            "9d1682de465f84e0d90b9ca8d616727c",
            2054,
            {}
        ]
    ],
    "provenance": [
        {
            "copied": "262/390/1",
            "copy_source_inaccessible": 0,
            "created": "2014-02-10T08:40:34+0000",
            "creator": "chenry",
            "epoch": 1392021634395,
            "extracted_ids": {},
            "info": [
                751,
                "Sulfate-Carbon",
                "KBaseBiochem.Media-1.0",
                "2021-08-26T02:03:17+0000",
                1,
                "anabcoelho",
                97098,
                "anabcoelho:narrative_1629295500006",
                "9d1682de465f84e0d90b9ca8d616727c",
                2054,
                {}
            ],
            "path": [
                "97098/751/1"
            ],
            "provenance": [
                {
                    "custom": {},
                    "epoch": 1371747871000,
                    "external_data": [],
                    "input_ws_objects": [],
                    "intermediate_incoming": [],
                    "intermediate_outgoing": [],
                    "method": "load_media_from_bio",
                    "method_params": [],
                    "resolved_ws_objects": [],
                    "service": "KBaseFBAModeling",
                    "service_ver": "0",
                    "subactions": [],
                    "time": "2013-06-20T17:04:31+0000"
                }
            ],
            "refs": []
        }
    ]
}