{
    "metadata": [
        [
            86,
            "Sulfate-Gly-Met",
            "KBaseBiochem.Media-1.0",
            "2021-09-21T18:04:22+0000",
            1,
            "anabcoelho",
            99184,
            "anabcoelho:narrative_1632182780536",
            "f0514d092163ce5338631497a56c8e2d",
            2056,
            {}
        ]
    ],
    "provenance": [
        {
            "copied": "262/403/1",
            "copy_source_inaccessible": 0,
            "created": "2014-02-10T08:42:42+0000",
            "creator": "chenry",
            "epoch": 1392021762223,
            "extracted_ids": {},
            "info": [
                86,
                "Sulfate-Gly-Met",
                "KBaseBiochem.Media-1.0",
                "2021-09-21T18:04:22+0000",
                1,
                "anabcoelho",
                99184,
                "anabcoelho:narrative_1632182780536",
                "f0514d092163ce5338631497a56c8e2d",
                2056,
                {}
            ],
            "path": [
                "99184/86/1"
            ],
            "provenance": [
                {
                    "custom": {},
                    "epoch": 1371747875000,
                    "external_data": [],
                    "input_ws_objects": [],
                    "intermediate_incoming": [],
                    "intermediate_outgoing": [],
                    "method": "load_media_from_bio",
                    "method_params": [],
                    "resolved_ws_objects": [],
                    "service": "KBaseFBAModeling",
                    "service_ver": "0",
                    "subactions": [],
                    "time": "2013-06-20T17:04:35+0000"
                }
            ],
            "refs": []
        }
    ]
}