{
    "metadata": [
        [
            1044,
            "C-L-Threonine.",
            "KBaseFBA.FBAModel-14.0",
            "2021-08-04T19:42:32+0000",
            1,
            "anabcoelho",
            79695,
            "anabcoelho:narrative_1608212258873",
            "6bd32cba898ae20c5ccf5a68922ce646",
            25537,
            {
                "Genome": "79695/4/1",
                "Name": "C-L-Threonine.",
                "Number biomasses": "2",
                "Number compartments": "2",
                "Number compounds": "38",
                "Number gapfills": "1",
                "Number gapgens": "0",
                "Number reactions": "8",
                "Source": "KBase",
                "Source ID": "C-L-Threonine.",
                "Type": "GenomeScale"
            }
        ]
    ],
    "provenance": [
        {
            "copy_source_inaccessible": 0,
            "created": "2021-08-04T19:42:32+0000",
            "creator": "anabcoelho",
            "epoch": 1628106152119,
            "extracted_ids": {},
            "info": [
                1044,
                "C-L-Threonine.",
                "KBaseFBA.FBAModel-14.0",
                "2021-08-04T19:42:32+0000",
                1,
                "anabcoelho",
                79695,
                "anabcoelho:narrative_1608212258873",
                "6bd32cba898ae20c5ccf5a68922ce646",
                25537,
                {
                    "Genome": "79695/4/1",
                    "Name": "C-L-Threonine.",
                    "Number biomasses": "2",
                    "Number compartments": "2",
                    "Number compounds": "38",
                    "Number gapfills": "1",
                    "Number gapgens": "0",
                    "Number reactions": "8",
                    "Source": "KBase",
                    "Source ID": "C-L-Threonine.",
                    "Type": "GenomeScale"
                }
            ],
            "orig_wsid": 79695,
            "path": [
                "79695/1044/1"
            ],
            "provenance": [
                {
                    "custom": {},
                    "external_data": [],
                    "input_ws_objects": [],
                    "method": "build_metabolic_model",
                    "method_params": [
                        {
                            "accept_charge_imbalanced": 0,
                            "accept_mass_imbalanced": 0,
                            "classic": 0,
                            "custom_bound_list": [],
                            "fbamodel_output_id": "C-L-Threonine.",
                            "gapfill_model": 1,
                            "genome_id": "79695/4/1",
                            "media_id": "79695/906/1",
                            "media_supplement_list": "",
                            "merge_all_annotations": 0,
                            "minimum_target_flux": 0.1,
                            "source_ontology_list": "",
                            "template_id": "core",
                            "use_annotated_functions": 1,
                            "use_nontemplate_reactions": 0,
                            "workspace": "anabcoelho:narrative_1608212258873"
                        }
                    ],
                    "resolved_ws_objects": [],
                    "service": "fba_tools",
                    "subactions": []
                }
            ],
            "refs": [
                "79695/906/1",
                "79695/4/1"
            ]
        }
    ]
}