{
    "metadata": [
        [
            74,
            "Sulfate-D-Mannose",
            "KBaseBiochem.Media-1.0",
            "2021-09-21T18:01:26+0000",
            1,
            "anabcoelho",
            99184,
            "anabcoelho:narrative_1632182780536",
            "02179147efcb569ed3249727820a2b5d",
            2060,
            {}
        ]
    ],
    "provenance": [
        {
            "copied": "262/350/1",
            "copy_source_inaccessible": 0,
            "created": "2014-02-10T08:33:57+0000",
            "creator": "chenry",
            "epoch": 1392021237483,
            "extracted_ids": {},
            "info": [
                74,
                "Sulfate-D-Mannose",
                "KBaseBiochem.Media-1.0",
                "2021-09-21T18:01:26+0000",
                1,
                "anabcoelho",
                99184,
                "anabcoelho:narrative_1632182780536",
                "02179147efcb569ed3249727820a2b5d",
                2060,
                {}
            ],
            "path": [
                "99184/74/1"
            ],
            "provenance": [
                {
                    "custom": {},
                    "epoch": 1371747873000,
                    "external_data": [],
                    "input_ws_objects": [],
                    "intermediate_incoming": [],
                    "intermediate_outgoing": [],
                    "method": "load_media_from_bio",
                    "method_params": [],
                    "resolved_ws_objects": [],
                    "service": "KBaseFBAModeling",
                    "service_ver": "0",
                    "subactions": [],
                    "time": "2013-06-20T17:04:33+0000"
                }
            ],
            "refs": []
        }
    ]
}