{
    "metadata": [
        [
            1117,
            "Sulfate-Formamide",
            "KBaseBiochem.Media-1.0",
            "2021-08-31T21:05:00+0000",
            1,
            "anabcoelho",
            97098,
            "anabcoelho:narrative_1629295500006",
            "bdbf9aecd5bff8676e368991903cafd3",
            2060,
            {}
        ]
    ],
    "provenance": [
        {
            "copied": "262/518/1",
            "copy_source_inaccessible": 0,
            "created": "2014-02-10T09:01:48+0000",
            "creator": "chenry",
            "epoch": 1392022908949,
            "extracted_ids": {},
            "info": [
                1117,
                "Sulfate-Formamide",
                "KBaseBiochem.Media-1.0",
                "2021-08-31T21:05:00+0000",
                1,
                "anabcoelho",
                97098,
                "anabcoelho:narrative_1629295500006",
                "bdbf9aecd5bff8676e368991903cafd3",
                2060,
                {}
            ],
            "path": [
                "97098/1117/1"
            ],
            "provenance": [
                {
                    "custom": {},
                    "epoch": 1371747874000,
                    "external_data": [],
                    "input_ws_objects": [],
                    "intermediate_incoming": [],
                    "intermediate_outgoing": [],
                    "method": "load_media_from_bio",
                    "method_params": [],
                    "resolved_ws_objects": [],
                    "service": "KBaseFBAModeling",
                    "service_ver": "0",
                    "subactions": [],
                    "time": "2013-06-20T17:04:34+0000"
                }
            ],
            "refs": []
        }
    ]
}