{
    "metadata": [
        [
            1327,
            "Sulfate-L-Methionine-Sulfoxide",
            "KBaseBiochem.Media-1.0",
            "2021-09-06T23:17:00+0000",
            1,
            "anabcoelho",
            97098,
            "anabcoelho:narrative_1629295500006",
            "34d8f15546c51f3601391e72a2eddb9a",
            2075,
            {}
        ]
    ],
    "provenance": [
        {
            "copied": "262/145/1",
            "copy_source_inaccessible": 0,
            "created": "2014-01-18T09:36:45+0000",
            "creator": "chenry",
            "epoch": 1390037805653,
            "extracted_ids": {},
            "info": [
                1327,
                "Sulfate-L-Methionine-Sulfoxide",
                "KBaseBiochem.Media-1.0",
                "2021-09-06T23:17:00+0000",
                1,
                "anabcoelho",
                97098,
                "anabcoelho:narrative_1629295500006",
                "34d8f15546c51f3601391e72a2eddb9a",
                2075,
                {}
            ],
            "path": [
                "97098/1327/1"
            ],
            "provenance": [
                {
                    "custom": {},
                    "epoch": 1377532778000,
                    "external_data": [],
                    "input_ws_objects": [],
                    "intermediate_incoming": [],
                    "intermediate_outgoing": [],
                    "method": "move_object",
                    "method_params": [],
                    "resolved_ws_objects": [],
                    "service": "KBaseFBAModeling",
                    "service_ver": "0",
                    "subactions": [],
                    "time": "2013-08-26T15:59:38+0000"
                }
            ],
            "refs": []
        }
    ]
}