{
    "metadata": [
        [
            1091,
            "Sulfate-D-Cysteine",
            "KBaseBiochem.Media-1.0",
            "2021-08-31T20:58:47+0000",
            1,
            "anabcoelho",
            97098,
            "anabcoelho:narrative_1629295500006",
            "8cde5f97573db88b979d81ed769b5d0d",
            2051,
            {}
        ]
    ],
    "provenance": [
        {
            "copied": "262/216/1",
            "copy_source_inaccessible": 0,
            "created": "2014-01-18T09:56:04+0000",
            "creator": "chenry",
            "epoch": 1390038964471,
            "extracted_ids": {},
            "info": [
                1091,
                "Sulfate-D-Cysteine",
                "KBaseBiochem.Media-1.0",
                "2021-08-31T20:58:47+0000",
                1,
                "anabcoelho",
                97098,
                "anabcoelho:narrative_1629295500006",
                "8cde5f97573db88b979d81ed769b5d0d",
                2051,
                {}
            ],
            "path": [
                "97098/1091/1"
            ],
            "provenance": [
                {
                    "custom": {},
                    "epoch": 1371747872000,
                    "external_data": [],
                    "input_ws_objects": [],
                    "intermediate_incoming": [],
                    "intermediate_outgoing": [],
                    "method": "load_media_from_bio",
                    "method_params": [],
                    "resolved_ws_objects": [],
                    "service": "KBaseFBAModeling",
                    "service_ver": "0",
                    "subactions": [],
                    "time": "2013-06-20T17:04:32+0000"
                }
            ],
            "refs": []
        }
    ]
}