{
    "metadata": [
        [
            104,
            "Nitrogen-Adenosine",
            "KBaseBiochem.Media-1.0",
            "2021-08-19T15:20:01+0000",
            1,
            "anabcoelho",
            97098,
            "anabcoelho:narrative_1629295500006",
            "ed3c29f4568ecead4088796aa8529bfa",
            2051,
            {}
        ]
    ],
    "provenance": [
        {
            "copied": "262/102/1",
            "copy_source_inaccessible": 0,
            "created": "2014-01-18T09:25:41+0000",
            "creator": "chenry",
            "epoch": 1390037141254,
            "extracted_ids": {},
            "info": [
                104,
                "Nitrogen-Adenosine",
                "KBaseBiochem.Media-1.0",
                "2021-08-19T15:20:01+0000",
                1,
                "anabcoelho",
                97098,
                "anabcoelho:narrative_1629295500006",
                "ed3c29f4568ecead4088796aa8529bfa",
                2051,
                {}
            ],
            "path": [
                "97098/104/1"
            ],
            "provenance": [
                {
                    "custom": {},
                    "epoch": 1371747853000,
                    "external_data": [],
                    "input_ws_objects": [],
                    "intermediate_incoming": [],
                    "intermediate_outgoing": [],
                    "method": "load_media_from_bio",
                    "method_params": [],
                    "resolved_ws_objects": [],
                    "service": "KBaseFBAModeling",
                    "service_ver": "0",
                    "subactions": [],
                    "time": "2013-06-20T17:04:13+0000"
                }
            ],
            "refs": []
        }
    ]
}