{
    "metadata": [
        [
            495,
            "Nitrogen-N-Acetyl-D-L-Glutamic-Acid",
            "KBaseBiochem.Media-1.0",
            "2021-08-25T02:17:26+0000",
            1,
            "anabcoelho",
            97098,
            "anabcoelho:narrative_1629295500006",
            "4ae74983a3f5efea84f2c46292cc6c9d",
            2088,
            {}
        ]
    ],
    "provenance": [
        {
            "copied": "262/254/2",
            "copy_source_inaccessible": 0,
            "created": "2014-02-10T08:18:25+0000",
            "creator": "chenry",
            "epoch": 1392020305314,
            "extracted_ids": {},
            "info": [
                495,
                "Nitrogen-N-Acetyl-D-L-Glutamic-Acid",
                "KBaseBiochem.Media-1.0",
                "2021-08-25T02:17:26+0000",
                1,
                "anabcoelho",
                97098,
                "anabcoelho:narrative_1629295500006",
                "4ae74983a3f5efea84f2c46292cc6c9d",
                2088,
                {}
            ],
            "path": [
                "97098/495/1"
            ],
            "provenance": [
                {
                    "custom": {},
                    "epoch": 1379604832000,
                    "external_data": [],
                    "input_ws_objects": [],
                    "intermediate_incoming": [],
                    "intermediate_outgoing": [],
                    "method": "move_object",
                    "method_params": [],
                    "resolved_ws_objects": [],
                    "service": "KBaseFBAModeling",
                    "service_ver": "0",
                    "subactions": [],
                    "time": "2013-09-19T15:33:52+0000"
                }
            ],
            "refs": []
        }
    ]
}