{
    "metadata": [
        [
            115,
            "Nitrogen-Biuret",
            "KBaseBiochem.Media-1.0",
            "2021-08-19T15:56:27+0000",
            1,
            "anabcoelho",
            97098,
            "anabcoelho:narrative_1629295500006",
            "f16979e9825a9ae3d6bcedca064cf2e3",
            2046,
            {}
        ]
    ],
    "provenance": [
        {
            "copied": "262/349/1",
            "copy_source_inaccessible": 0,
            "created": "2014-02-10T08:33:47+0000",
            "creator": "chenry",
            "epoch": 1392021227243,
            "extracted_ids": {},
            "info": [
                115,
                "Nitrogen-Biuret",
                "KBaseBiochem.Media-1.0",
                "2021-08-19T15:56:27+0000",
                1,
                "anabcoelho",
                97098,
                "anabcoelho:narrative_1629295500006",
                "f16979e9825a9ae3d6bcedca064cf2e3",
                2046,
                {}
            ],
            "path": [
                "97098/115/1"
            ],
            "provenance": [
                {
                    "custom": {},
                    "epoch": 1371747852000,
                    "external_data": [],
                    "input_ws_objects": [],
                    "intermediate_incoming": [],
                    "intermediate_outgoing": [],
                    "method": "load_media_from_bio",
                    "method_params": [],
                    "resolved_ws_objects": [],
                    "service": "KBaseFBAModeling",
                    "service_ver": "0",
                    "subactions": [],
                    "time": "2013-06-20T17:04:12+0000"
                }
            ],
            "refs": []
        }
    ]
}