{
    "metadata": [
        [
            362,
            "Nitrogen-L-Tryptophan",
            "KBaseBiochem.Media-1.0",
            "2021-08-23T01:38:37+0000",
            1,
            "anabcoelho",
            97098,
            "anabcoelho:narrative_1629295500006",
            "05501f9404c14e92a09c3d0c34ddbd61",
            2058,
            {}
        ]
    ],
    "provenance": [
        {
            "copied": "262/401/1",
            "copy_source_inaccessible": 0,
            "created": "2014-02-10T08:42:23+0000",
            "creator": "chenry",
            "epoch": 1392021743266,
            "extracted_ids": {},
            "info": [
                362,
                "Nitrogen-L-Tryptophan",
                "KBaseBiochem.Media-1.0",
                "2021-08-23T01:38:37+0000",
                1,
                "anabcoelho",
                97098,
                "anabcoelho:narrative_1629295500006",
                "05501f9404c14e92a09c3d0c34ddbd61",
                2058,
                {}
            ],
            "path": [
                "97098/362/1"
            ],
            "provenance": [
                {
                    "custom": {},
                    "epoch": 1371747848000,
                    "external_data": [],
                    "input_ws_objects": [],
                    "intermediate_incoming": [],
                    "intermediate_outgoing": [],
                    "method": "load_media_from_bio",
                    "method_params": [],
                    "resolved_ws_objects": [],
                    "service": "KBaseFBAModeling",
                    "service_ver": "0",
                    "subactions": [],
                    "time": "2013-06-20T17:04:08+0000"
                }
            ],
            "refs": []
        }
    ]
}