{
    "metadata": [
        [
            322,
            "Sulfate-Stachyose",
            "KBaseBiochem.Media-1.0",
            "2021-09-10T02:30:07+0000",
            1,
            "anabcoelho",
            98416,
            "anabcoelho:narrative_1631138337034",
            "6f1afae7408573c5b6ef402df3b2d228",
            2059,
            {}
        ]
    ],
    "provenance": [
        {
            "copied": "262/65/1",
            "copy_source_inaccessible": 0,
            "created": "2014-01-18T09:16:48+0000",
            "creator": "chenry",
            "epoch": 1390036608202,
            "extracted_ids": {},
            "info": [
                322,
                "Sulfate-Stachyose",
                "KBaseBiochem.Media-1.0",
                "2021-09-10T02:30:07+0000",
                1,
                "anabcoelho",
                98416,
                "anabcoelho:narrative_1631138337034",
                "6f1afae7408573c5b6ef402df3b2d228",
                2059,
                {}
            ],
            "path": [
                "98416/322/1"
            ],
            "provenance": [
                {
                    "custom": {},
                    "epoch": 1371747881000,
                    "external_data": [],
                    "input_ws_objects": [],
                    "intermediate_incoming": [],
                    "intermediate_outgoing": [],
                    "method": "load_media_from_bio",
                    "method_params": [],
                    "resolved_ws_objects": [],
                    "service": "KBaseFBAModeling",
                    "service_ver": "0",
                    "subactions": [],
                    "time": "2013-06-20T17:04:41+0000"
                }
            ],
            "refs": []
        }
    ]
}