{
    "metadata": [
        [
            755,
            "Sulfate-Cytidine",
            "KBaseBiochem.Media-1.0",
            "2021-08-26T02:03:36+0000",
            1,
            "anabcoelho",
            97098,
            "anabcoelho:narrative_1629295500006",
            "130266e41b2cfe7492241e61ca38ec2a",
            2057,
            {}
        ]
    ],
    "provenance": [
        {
            "copied": "262/124/1",
            "copy_source_inaccessible": 0,
            "created": "2014-01-18T09:31:29+0000",
            "creator": "chenry",
            "epoch": 1390037489035,
            "extracted_ids": {},
            "info": [
                755,
                "Sulfate-Cytidine",
                "KBaseBiochem.Media-1.0",
                "2021-08-26T02:03:36+0000",
                1,
                "anabcoelho",
                97098,
                "anabcoelho:narrative_1629295500006",
                "130266e41b2cfe7492241e61ca38ec2a",
                2057,
                {}
            ],
            "path": [
                "97098/755/1"
            ],
            "provenance": [
                {
                    "custom": {},
                    "epoch": 1371747871000,
                    "external_data": [],
                    "input_ws_objects": [],
                    "intermediate_incoming": [],
                    "intermediate_outgoing": [],
                    "method": "load_media_from_bio",
                    "method_params": [],
                    "resolved_ws_objects": [],
                    "service": "KBaseFBAModeling",
                    "service_ver": "0",
                    "subactions": [],
                    "time": "2013-06-20T17:04:31+0000"
                }
            ],
            "refs": []
        }
    ]
}