{
    "metadata": [
        [
            76,
            "Sulfate-D-Sorbitol",
            "KBaseBiochem.Media-1.0",
            "2021-09-21T18:01:46+0000",
            1,
            "anabcoelho",
            99184,
            "anabcoelho:narrative_1632182780536",
            "9b669d223f2c0e58c1c6b2a7f2d686d4",
            2062,
            {}
        ]
    ],
    "provenance": [
        {
            "copied": "262/334/1",
            "copy_source_inaccessible": 0,
            "created": "2014-02-10T08:31:19+0000",
            "creator": "chenry",
            "epoch": 1392021079902,
            "extracted_ids": {},
            "info": [
                76,
                "Sulfate-D-Sorbitol",
                "KBaseBiochem.Media-1.0",
                "2021-09-21T18:01:46+0000",
                1,
                "anabcoelho",
                99184,
                "anabcoelho:narrative_1632182780536",
                "9b669d223f2c0e58c1c6b2a7f2d686d4",
                2062,
                {}
            ],
            "path": [
                "99184/76/1"
            ],
            "provenance": [
                {
                    "custom": {},
                    "epoch": 1371747873000,
                    "external_data": [],
                    "input_ws_objects": [],
                    "intermediate_incoming": [],
                    "intermediate_outgoing": [],
                    "method": "load_media_from_bio",
                    "method_params": [],
                    "resolved_ws_objects": [],
                    "service": "KBaseFBAModeling",
                    "service_ver": "0",
                    "subactions": [],
                    "time": "2013-06-20T17:04:33+0000"
                }
            ],
            "refs": []
        }
    ]
}