{
    "metadata": [
        [
            734,
            "Sulfate-5-Oxoproline",
            "KBaseBiochem.Media-1.0",
            "2021-08-26T02:02:15+0000",
            1,
            "anabcoelho",
            97098,
            "anabcoelho:narrative_1629295500006",
            "fec958bd132353c7c9bf8591db8d36f9",
            2066,
            {}
        ]
    ],
    "provenance": [
        {
            "copied": "262/513/1",
            "copy_source_inaccessible": 0,
            "created": "2014-02-10T09:00:58+0000",
            "creator": "chenry",
            "epoch": 1392022858287,
            "extracted_ids": {},
            "info": [
                734,
                "Sulfate-5-Oxoproline",
                "KBaseBiochem.Media-1.0",
                "2021-08-26T02:02:15+0000",
                1,
                "anabcoelho",
                97098,
                "anabcoelho:narrative_1629295500006",
                "fec958bd132353c7c9bf8591db8d36f9",
                2066,
                {}
            ],
            "path": [
                "97098/734/1"
            ],
            "provenance": [
                {
                    "custom": {},
                    "epoch": 1371747869000,
                    "external_data": [],
                    "input_ws_objects": [],
                    "intermediate_incoming": [],
                    "intermediate_outgoing": [],
                    "method": "load_media_from_bio",
                    "method_params": [],
                    "resolved_ws_objects": [],
                    "service": "KBaseFBAModeling",
                    "service_ver": "0",
                    "subactions": [],
                    "time": "2013-06-20T17:04:29+0000"
                }
            ],
            "refs": []
        }
    ]
}