{
    "metadata": [
        [
            15,
            "MR1Anaerobic",
            "KBaseBiochem.Media-1.0",
            "2021-09-21T00:30:05+0000",
            1,
            "anabcoelho",
            99184,
            "anabcoelho:narrative_1632182780536",
            "4926a62bd3b01752e1357b8cace21b6f",
            2344,
            {}
        ]
    ],
    "provenance": [
        {
            "copied": "262/187/1",
            "copy_source_inaccessible": 0,
            "created": "2014-01-18T09:49:16+0000",
            "creator": "chenry",
            "epoch": 1390038556651,
            "extracted_ids": {},
            "info": [
                15,
                "MR1Anaerobic",
                "KBaseBiochem.Media-1.0",
                "2021-09-21T00:30:05+0000",
                1,
                "anabcoelho",
                99184,
                "anabcoelho:narrative_1632182780536",
                "4926a62bd3b01752e1357b8cace21b6f",
                2344,
                {}
            ],
            "path": [
                "99184/15/1"
            ],
            "provenance": [
                {
                    "custom": {},
                    "epoch": 1371747854000,
                    "external_data": [],
                    "input_ws_objects": [],
                    "intermediate_incoming": [],
                    "intermediate_outgoing": [],
                    "method": "load_media_from_bio",
                    "method_params": [],
                    "resolved_ws_objects": [],
                    "service": "KBaseFBAModeling",
                    "service_ver": "0",
                    "subactions": [],
                    "time": "2013-06-20T17:04:14+0000"
                }
            ],
            "refs": []
        }
    ]
}