{
    "metadata": [
        [
            1098,
            "Sulfate-D-Glucose-6-phosphate",
            "KBaseBiochem.Media-1.0",
            "2021-08-31T21:03:07+0000",
            1,
            "anabcoelho",
            97098,
            "anabcoelho:narrative_1629295500006",
            "fcb2cbc269f89ae00425b29b6435bada",
            2084,
            {}
        ]
    ],
    "provenance": [
        {
            "copied": "262/497/1",
            "copy_source_inaccessible": 0,
            "created": "2014-02-10T08:58:20+0000",
            "creator": "chenry",
            "epoch": 1392022700227,
            "extracted_ids": {},
            "info": [
                1098,
                "Sulfate-D-Glucose-6-phosphate",
                "KBaseBiochem.Media-1.0",
                "2021-08-31T21:03:07+0000",
                1,
                "anabcoelho",
                97098,
                "anabcoelho:narrative_1629295500006",
                "fcb2cbc269f89ae00425b29b6435bada",
                2084,
                {}
            ],
            "path": [
                "97098/1098/1"
            ],
            "provenance": [
                {
                    "custom": {},
                    "epoch": 1377532767000,
                    "external_data": [],
                    "input_ws_objects": [],
                    "intermediate_incoming": [],
                    "intermediate_outgoing": [],
                    "method": "move_object",
                    "method_params": [],
                    "resolved_ws_objects": [],
                    "service": "KBaseFBAModeling",
                    "service_ver": "0",
                    "subactions": [],
                    "time": "2013-08-26T15:59:27+0000"
                }
            ],
            "refs": []
        }
    ]
}