{
    "metadata": [
        [
            53,
            "Sulfate-Putrescine",
            "KBaseBiochem.Media-1.0",
            "2021-09-08T22:29:52+0000",
            1,
            "anabcoelho",
            98416,
            "anabcoelho:narrative_1631138337034",
            "0c222a26b0e6087a26599dbab00215a2",
            2062,
            {}
        ]
    ],
    "provenance": [
        {
            "copied": "262/344/1",
            "copy_source_inaccessible": 0,
            "created": "2014-02-10T08:32:59+0000",
            "creator": "chenry",
            "epoch": 1392021179757,
            "extracted_ids": {},
            "info": [
                53,
                "Sulfate-Putrescine",
                "KBaseBiochem.Media-1.0",
                "2021-09-08T22:29:52+0000",
                1,
                "anabcoelho",
                98416,
                "anabcoelho:narrative_1631138337034",
                "0c222a26b0e6087a26599dbab00215a2",
                2062,
                {}
            ],
            "path": [
                "98416/53/1"
            ],
            "provenance": [
                {
                    "custom": {},
                    "epoch": 1371747881000,
                    "external_data": [],
                    "input_ws_objects": [],
                    "intermediate_incoming": [],
                    "intermediate_outgoing": [],
                    "method": "load_media_from_bio",
                    "method_params": [],
                    "resolved_ws_objects": [],
                    "service": "KBaseFBAModeling",
                    "service_ver": "0",
                    "subactions": [],
                    "time": "2013-06-20T17:04:41+0000"
                }
            ],
            "refs": []
        }
    ]
}