{
    "metadata": [
        [
            335,
            "Sulfate-Tyramine",
            "KBaseBiochem.Media-1.0",
            "2021-09-10T02:31:01+0000",
            1,
            "anabcoelho",
            98416,
            "anabcoelho:narrative_1631138337034",
            "e9d8b56d54d48d9c86e5db37396a2839",
            2057,
            {}
        ]
    ],
    "provenance": [
        {
            "copied": "262/14/1",
            "copy_source_inaccessible": 0,
            "created": "2014-01-18T09:03:50+0000",
            "creator": "chenry",
            "epoch": 1390035830196,
            "extracted_ids": {},
            "info": [
                335,
                "Sulfate-Tyramine",
                "KBaseBiochem.Media-1.0",
                "2021-09-10T02:31:01+0000",
                1,
                "anabcoelho",
                98416,
                "anabcoelho:narrative_1631138337034",
                "e9d8b56d54d48d9c86e5db37396a2839",
                2057,
                {}
            ],
            "path": [
                "98416/335/1"
            ],
            "provenance": [
                {
                    "custom": {},
                    "epoch": 1371747883000,
                    "external_data": [],
                    "input_ws_objects": [],
                    "intermediate_incoming": [],
                    "intermediate_outgoing": [],
                    "method": "load_media_from_bio",
                    "method_params": [],
                    "resolved_ws_objects": [],
                    "service": "KBaseFBAModeling",
                    "service_ver": "0",
                    "subactions": [],
                    "time": "2013-06-20T17:04:43+0000"
                }
            ],
            "refs": []
        }
    ]
}