{
    "metadata": [
        [
            1293,
            "Sulfate-Glutathione",
            "KBaseBiochem.Media-1.0",
            "2021-09-06T23:09:46+0000",
            1,
            "anabcoelho",
            97098,
            "anabcoelho:narrative_1629295500006",
            "cf110b38f2b32a3634118efae5ff484d",
            2054,
            {}
        ]
    ],
    "provenance": [
        {
            "copied": "262/249/2",
            "copy_source_inaccessible": 0,
            "created": "2014-02-10T08:17:37+0000",
            "creator": "chenry",
            "epoch": 1392020257099,
            "extracted_ids": {},
            "info": [
                1293,
                "Sulfate-Glutathione",
                "KBaseBiochem.Media-1.0",
                "2021-09-06T23:09:46+0000",
                1,
                "anabcoelho",
                97098,
                "anabcoelho:narrative_1629295500006",
                "cf110b38f2b32a3634118efae5ff484d",
                2054,
                {}
            ],
            "path": [
                "97098/1293/1"
            ],
            "provenance": [
                {
                    "custom": {},
                    "epoch": 1371747875000,
                    "external_data": [],
                    "input_ws_objects": [],
                    "intermediate_incoming": [],
                    "intermediate_outgoing": [],
                    "method": "load_media_from_bio",
                    "method_params": [],
                    "resolved_ws_objects": [],
                    "service": "KBaseFBAModeling",
                    "service_ver": "0",
                    "subactions": [],
                    "time": "2013-06-20T17:04:35+0000"
                }
            ],
            "refs": []
        }
    ]
}