{
    "metadata": [
        [
            204,
            "Nitrogen-D-Mannosamine",
            "KBaseBiochem.Media-1.0",
            "2021-08-20T20:53:14+0000",
            1,
            "anabcoelho",
            97098,
            "anabcoelho:narrative_1629295500006",
            "2c0e6619b616ed552f8523ed13422717",
            2060,
            {}
        ]
    ],
    "provenance": [
        {
            "copied": "262/453/1",
            "copy_source_inaccessible": 0,
            "created": "2014-02-10T08:51:01+0000",
            "creator": "chenry",
            "epoch": 1392022261341,
            "extracted_ids": {},
            "info": [
                204,
                "Nitrogen-D-Mannosamine",
                "KBaseBiochem.Media-1.0",
                "2021-08-20T20:53:14+0000",
                1,
                "anabcoelho",
                97098,
                "anabcoelho:narrative_1629295500006",
                "2c0e6619b616ed552f8523ed13422717",
                2060,
                {}
            ],
            "path": [
                "97098/204/1"
            ],
            "provenance": [
                {
                    "custom": {},
                    "epoch": 1371747851000,
                    "external_data": [],
                    "input_ws_objects": [],
                    "intermediate_incoming": [],
                    "intermediate_outgoing": [],
                    "method": "load_media_from_bio",
                    "method_params": [],
                    "resolved_ws_objects": [],
                    "service": "KBaseFBAModeling",
                    "service_ver": "0",
                    "subactions": [],
                    "time": "2013-06-20T17:04:11+0000"
                }
            ],
            "refs": []
        }
    ]
}