{
    "metadata": [
        [
            732,
            "Sulfate-2-Methylmaleate",
            "KBaseBiochem.Media-1.0",
            "2021-08-26T02:02:10+0000",
            1,
            "anabcoelho",
            97098,
            "anabcoelho:narrative_1629295500006",
            "c96bd05ee740c967d4d6fe96da9220d5",
            2072,
            {}
        ]
    ],
    "provenance": [
        {
            "copied": "262/459/1",
            "copy_source_inaccessible": 0,
            "created": "2014-02-10T08:52:00+0000",
            "creator": "chenry",
            "epoch": 1392022320508,
            "extracted_ids": {},
            "info": [
                732,
                "Sulfate-2-Methylmaleate",
                "KBaseBiochem.Media-1.0",
                "2021-08-26T02:02:10+0000",
                1,
                "anabcoelho",
                97098,
                "anabcoelho:narrative_1629295500006",
                "c96bd05ee740c967d4d6fe96da9220d5",
                2072,
                {}
            ],
            "path": [
                "97098/732/1"
            ],
            "provenance": [
                {
                    "custom": {},
                    "epoch": 1371747869000,
                    "external_data": [],
                    "input_ws_objects": [],
                    "intermediate_incoming": [],
                    "intermediate_outgoing": [],
                    "method": "load_media_from_bio",
                    "method_params": [],
                    "resolved_ws_objects": [],
                    "service": "KBaseFBAModeling",
                    "service_ver": "0",
                    "subactions": [],
                    "time": "2013-06-20T17:04:29+0000"
                }
            ],
            "refs": []
        }
    ]
}