{
    "metadata": [
        [
            200,
            "Nitrogen-D-Glucosamine",
            "KBaseBiochem.Media-1.0",
            "2021-08-20T20:53:01+0000",
            1,
            "anabcoelho",
            97098,
            "anabcoelho:narrative_1629295500006",
            "6b873eb0ebecb9f89637a4e5ec20a4cd",
            2060,
            {}
        ]
    ],
    "provenance": [
        {
            "copied": "262/304/1",
            "copy_source_inaccessible": 0,
            "created": "2014-02-10T08:18:53+0000",
            "creator": "chenry",
            "epoch": 1392020333367,
            "extracted_ids": {},
            "info": [
                200,
                "Nitrogen-D-Glucosamine",
                "KBaseBiochem.Media-1.0",
                "2021-08-20T20:53:01+0000",
                1,
                "anabcoelho",
                97098,
                "anabcoelho:narrative_1629295500006",
                "6b873eb0ebecb9f89637a4e5ec20a4cd",
                2060,
                {}
            ],
            "path": [
                "97098/200/1"
            ],
            "provenance": [
                {
                    "custom": {},
                    "epoch": 1371747852000,
                    "external_data": [],
                    "input_ws_objects": [],
                    "intermediate_incoming": [],
                    "intermediate_outgoing": [],
                    "method": "load_media_from_bio",
                    "method_params": [],
                    "resolved_ws_objects": [],
                    "service": "KBaseFBAModeling",
                    "service_ver": "0",
                    "subactions": [],
                    "time": "2013-06-20T17:04:12+0000"
                }
            ],
            "refs": []
        }
    ]
}