{
    "metadata": [
        [
            1100,
            "Sulfate-D-L-Ethionine",
            "KBaseBiochem.Media-1.0",
            "2021-08-31T21:03:16+0000",
            1,
            "anabcoelho",
            97098,
            "anabcoelho:narrative_1629295500006",
            "724bc3d6db28658d70166dc890e35ee3",
            2060,
            {}
        ]
    ],
    "provenance": [
        {
            "copied": "262/520/1",
            "copy_source_inaccessible": 0,
            "created": "2014-02-10T13:52:48+0000",
            "creator": "chenry",
            "epoch": 1392040368166,
            "extracted_ids": {},
            "info": [
                1100,
                "Sulfate-D-L-Ethionine",
                "KBaseBiochem.Media-1.0",
                "2021-08-31T21:03:16+0000",
                1,
                "anabcoelho",
                97098,
                "anabcoelho:narrative_1629295500006",
                "724bc3d6db28658d70166dc890e35ee3",
                2060,
                {}
            ],
            "path": [
                "97098/1100/1"
            ],
            "provenance": [
                {
                    "custom": {},
                    "epoch": 1377532769000,
                    "external_data": [],
                    "input_ws_objects": [],
                    "intermediate_incoming": [],
                    "intermediate_outgoing": [],
                    "method": "move_object",
                    "method_params": [],
                    "resolved_ws_objects": [],
                    "service": "KBaseFBAModeling",
                    "service_ver": "0",
                    "subactions": [],
                    "time": "2013-08-26T15:59:29+0000"
                }
            ],
            "refs": []
        }
    ]
}