{
    "metadata": [
        [
            138,
            "Biolog-C-lac-N-asp-l",
            "KBaseBiochem.Media-1.0",
            "2021-02-11T19:35:20+0000",
            1,
            "anabcoelho",
            79695,
            "anabcoelho:narrative_1608212258873",
            "5dbde26c477bcc615f7ec5a048ef05cf",
            2066,
            {}
        ]
    ],
    "provenance": [
        {
            "copied": "262/222/1",
            "copy_source_inaccessible": 0,
            "created": "2014-01-18T09:57:33+0000",
            "creator": "chenry",
            "epoch": 1390039053301,
            "extracted_ids": {},
            "info": [
                138,
                "Biolog-C-lac-N-asp-l",
                "KBaseBiochem.Media-1.0",
                "2021-02-11T19:35:20+0000",
                1,
                "anabcoelho",
                79695,
                "anabcoelho:narrative_1608212258873",
                "5dbde26c477bcc615f7ec5a048ef05cf",
                2066,
                {}
            ],
            "path": [
                "79695/138/1"
            ],
            "provenance": [
                {
                    "custom": {},
                    "epoch": 1371747885000,
                    "external_data": [],
                    "input_ws_objects": [],
                    "intermediate_incoming": [],
                    "intermediate_outgoing": [],
                    "method": "load_media_from_bio",
                    "method_params": [],
                    "resolved_ws_objects": [],
                    "service": "KBaseFBAModeling",
                    "service_ver": "0",
                    "subactions": [],
                    "time": "2013-06-20T17:04:45+0000"
                }
            ],
            "refs": []
        }
    ]
}