{
    "metadata": [
        [
            114,
            "Biolog-C-glu-l-N-glu-l",
            "KBaseBiochem.Media-1.0",
            "2021-02-04T22:36:53+0000",
            1,
            "anabcoelho",
            79695,
            "anabcoelho:narrative_1608212258873",
            "ac629c8e6429b79f441bc79a8b1166f9",
            1971,
            {}
        ]
    ],
    "provenance": [
        {
            "copied": "262/521/1",
            "copy_source_inaccessible": 0,
            "created": "2014-02-10T13:52:57+0000",
            "creator": "chenry",
            "epoch": 1392040377710,
            "extracted_ids": {},
            "info": [
                114,
                "Biolog-C-glu-l-N-glu-l",
                "KBaseBiochem.Media-1.0",
                "2021-02-04T22:36:53+0000",
                1,
                "anabcoelho",
                79695,
                "anabcoelho:narrative_1608212258873",
                "ac629c8e6429b79f441bc79a8b1166f9",
                1971,
                {}
            ],
            "path": [
                "79695/114/1"
            ],
            "provenance": [
                {
                    "custom": {},
                    "epoch": 1371747886000,
                    "external_data": [],
                    "input_ws_objects": [],
                    "intermediate_incoming": [],
                    "intermediate_outgoing": [],
                    "method": "load_media_from_bio",
                    "method_params": [],
                    "resolved_ws_objects": [],
                    "service": "KBaseFBAModeling",
                    "service_ver": "0",
                    "subactions": [],
                    "time": "2013-06-20T17:04:46+0000"
                }
            ],
            "refs": []
        }
    ]
}