{
    "metadata": [
        [
            1337,
            "Sulfate-L-Valine",
            "KBaseBiochem.Media-1.0",
            "2021-09-06T23:24:58+0000",
            1,
            "anabcoelho",
            97098,
            "anabcoelho:narrative_1629295500006",
            "a45c0f08e5e043948f772e2545406fb0",
            2057,
            {}
        ]
    ],
    "provenance": [
        {
            "copied": "262/44/1",
            "copy_source_inaccessible": 0,
            "created": "2014-01-18T09:12:13+0000",
            "creator": "chenry",
            "epoch": 1390036333944,
            "extracted_ids": {},
            "info": [
                1337,
                "Sulfate-L-Valine",
                "KBaseBiochem.Media-1.0",
                "2021-09-06T23:24:58+0000",
                1,
                "anabcoelho",
                97098,
                "anabcoelho:narrative_1629295500006",
                "a45c0f08e5e043948f772e2545406fb0",
                2057,
                {}
            ],
            "path": [
                "97098/1337/1"
            ],
            "provenance": [
                {
                    "custom": {},
                    "epoch": 1371747879000,
                    "external_data": [],
                    "input_ws_objects": [],
                    "intermediate_incoming": [],
                    "intermediate_outgoing": [],
                    "method": "load_media_from_bio",
                    "method_params": [],
                    "resolved_ws_objects": [],
                    "service": "KBaseFBAModeling",
                    "service_ver": "0",
                    "subactions": [],
                    "time": "2013-06-20T17:04:39+0000"
                }
            ],
            "refs": []
        }
    ]
}