{
    "metadata": [
        [
            45,
            "Sulfate-NH3",
            "KBaseBiochem.Media-1.0",
            "2021-09-08T22:29:25+0000",
            1,
            "anabcoelho",
            98416,
            "anabcoelho:narrative_1631138337034",
            "e2e9f8d69b647ea4e94115bb59a612c0",
            1947,
            {}
        ]
    ],
    "provenance": [
        {
            "copied": "262/32/1",
            "copy_source_inaccessible": 0,
            "created": "2014-01-18T09:09:31+0000",
            "creator": "chenry",
            "epoch": 1390036171591,
            "extracted_ids": {},
            "info": [
                45,
                "Sulfate-NH3",
                "KBaseBiochem.Media-1.0",
                "2021-09-08T22:29:25+0000",
                1,
                "anabcoelho",
                98416,
                "anabcoelho:narrative_1631138337034",
                "e2e9f8d69b647ea4e94115bb59a612c0",
                1947,
                {}
            ],
            "path": [
                "98416/45/1"
            ],
            "provenance": [
                {
                    "custom": {},
                    "epoch": 1371747880000,
                    "external_data": [],
                    "input_ws_objects": [],
                    "intermediate_incoming": [],
                    "intermediate_outgoing": [],
                    "method": "load_media_from_bio",
                    "method_params": [],
                    "resolved_ws_objects": [],
                    "service": "KBaseFBAModeling",
                    "service_ver": "0",
                    "subactions": [],
                    "time": "2013-06-20T17:04:40+0000"
                }
            ],
            "refs": []
        }
    ]
}