{
    "metadata": [
        [
            93,
            "Bio-C-dna.FBA",
            "KBaseFBA.FBA-13.2",
            "2021-02-04T18:43:52+0000",
            1,
            "anabcoelho",
            79695,
            "anabcoelho:narrative_1608212258873",
            "7b7f49df40619574600004ab34c61abb",
            35553,
            {
                "Combination deletions": "0",
                "Maximized": "1",
                "Media": "79695/89/1",
                "Minimize reactions": "0",
                "Model": "79695/90/1",
                "Number additional compounds": "0",
                "Number biomass objectives": "1",
                "Number compound bounds": "0",
                "Number compound variables": "22",
                "Number constraints": "0",
                "Number gene KO": "0",
                "Number reaction KO": "0",
                "Number reaction bounds": "0",
                "Number reaction variables": "87",
                "Objective": "0.373063"
            }
        ]
    ],
    "provenance": [
        {
            "copy_source_inaccessible": 0,
            "created": "2021-02-04T18:43:51+0000",
            "creator": "anabcoelho",
            "epoch": 1612464231028,
            "extracted_ids": {},
            "info": [
                93,
                "Bio-C-dna.FBA",
                "KBaseFBA.FBA-13.2",
                "2021-02-04T18:43:52+0000",
                1,
                "anabcoelho",
                79695,
                "anabcoelho:narrative_1608212258873",
                "7b7f49df40619574600004ab34c61abb",
                35553,
                {
                    "Combination deletions": "0",
                    "Maximized": "1",
                    "Media": "79695/89/1",
                    "Minimize reactions": "0",
                    "Model": "79695/90/1",
                    "Number additional compounds": "0",
                    "Number biomass objectives": "1",
                    "Number compound bounds": "0",
                    "Number compound variables": "22",
                    "Number constraints": "0",
                    "Number gene KO": "0",
                    "Number reaction KO": "0",
                    "Number reaction bounds": "0",
                    "Number reaction variables": "87",
                    "Objective": "0.373063"
                }
            ],
            "orig_wsid": 79695,
            "path": [
                "79695/93/1"
            ],
            "provenance": [
                {
                    "custom": {},
                    "external_data": [],
                    "input_ws_objects": [],
                    "method": "run_flux_balance_analysis",
                    "method_params": [
                        {
                            "activation_coefficient": 0.5,
                            "all_reversible": 0,
                            "beachhead_metabolite_list": [],
                            "custom_bound_list": [],
                            "default_max_uptake": 0,
                            "exp_threshold_margin": 0.1,
                            "exp_threshold_percentile": 0.5,
                            "expression_condition": "",
                            "expseries_id": null,
                            "expseries_workspace": "anabcoelho:narrative_1608212258873",
                            "fba_output_id": "Bio-C-dna.FBA",
                            "fbamodel_id": "79695/90/1",
                            "fbamodel_workspace": "anabcoelho:narrative_1608212258873",
                            "feature_ko_list": [],
                            "find_min_media": 0,
                            "fva": 1,
                            "massbalance": null,
                            "max_c_uptake": null,
                            "max_n_uptake": null,
                            "max_o_uptake": null,
                            "max_p_uptake": null,
                            "max_s_uptake": null,
                            "media_id": "79695/89/1",
                            "media_id_list": null,
                            "media_supplement_list": "",
                            "media_workspace": "anabcoelho:narrative_1608212258873",
                            "mediaset_id": null,
                            "mediaset_workspace": "anabcoelho:narrative_1608212258873",
                            "minimize_flux": 1,
                            "notes": null,
                            "objective_fraction": 0.1,
                            "omega": 0,
                            "predict_auxotrophy": 0,
                            "reaction_ko_list": [],
                            "sensitivity_analysis": 0,
                            "simulate_ko": 0,
                            "target_metabolite_list": [],
                            "target_reaction": "bio1",
                            "thermodynamic_constraints": 0,
                            "workspace": "anabcoelho:narrative_1608212258873"
                        }
                    ],
                    "resolved_ws_objects": [],
                    "service": "fba_tools",
                    "subactions": []
                }
            ],
            "refs": [
                "79695/90/1",
                "79695/89/1"
            ]
        }
    ]
}