{
    "metadata": [
        [
            105,
            "Nitrogen-Agmatine",
            "KBaseBiochem.Media-1.0",
            "2021-08-19T15:20:06+0000",
            1,
            "anabcoelho",
            97098,
            "anabcoelho:narrative_1629295500006",
            "57b9a9e6af5c172ee5b650582c869878",
            2050,
            {}
        ]
    ],
    "provenance": [
        {
            "copied": "262/519/1",
            "copy_source_inaccessible": 0,
            "created": "2014-02-10T09:01:59+0000",
            "creator": "chenry",
            "epoch": 1392022919044,
            "extracted_ids": {},
            "info": [
                105,
                "Nitrogen-Agmatine",
                "KBaseBiochem.Media-1.0",
                "2021-08-19T15:20:06+0000",
                1,
                "anabcoelho",
                97098,
                "anabcoelho:narrative_1629295500006",
                "57b9a9e6af5c172ee5b650582c869878",
                2050,
                {}
            ],
            "path": [
                "97098/105/1"
            ],
            "provenance": [
                {
                    "custom": {},
                    "epoch": 1371747853000,
                    "external_data": [],
                    "input_ws_objects": [],
                    "intermediate_incoming": [],
                    "intermediate_outgoing": [],
                    "method": "load_media_from_bio",
                    "method_params": [],
                    "resolved_ws_objects": [],
                    "service": "KBaseFBAModeling",
                    "service_ver": "0",
                    "subactions": [],
                    "time": "2013-06-20T17:04:13+0000"
                }
            ],
            "refs": []
        }
    ]
}