{
    "metadata": [
        [
            13,
            "Complete",
            "KBaseBiochem.Media-1.0",
            "2021-09-21T00:29:55+0000",
            1,
            "anabcoelho",
            99184,
            "anabcoelho:narrative_1632182780536",
            "e0b3fb9772f72e7d5aaea2316c7cc53e",
            143,
            {}
        ]
    ],
    "provenance": [
        {
            "copied": "262/34/1",
            "copy_source_inaccessible": 0,
            "created": "2014-01-18T09:09:51+0000",
            "creator": "chenry",
            "epoch": 1390036191265,
            "extracted_ids": {},
            "info": [
                13,
                "Complete",
                "KBaseBiochem.Media-1.0",
                "2021-09-21T00:29:55+0000",
                1,
                "anabcoelho",
                99184,
                "anabcoelho:narrative_1632182780536",
                "e0b3fb9772f72e7d5aaea2316c7cc53e",
                143,
                {}
            ],
            "path": [
                "99184/13/1"
            ],
            "provenance": [
                {
                    "custom": {},
                    "epoch": 1371747886000,
                    "external_data": [],
                    "input_ws_objects": [],
                    "intermediate_incoming": [],
                    "intermediate_outgoing": [],
                    "method": "load_media_from_bio",
                    "method_params": [],
                    "resolved_ws_objects": [],
                    "service": "KBaseFBAModeling",
                    "service_ver": "0",
                    "subactions": [],
                    "time": "2013-06-20T17:04:46+0000"
                }
            ],
            "refs": []
        }
    ]
}