{
    "metadata": [
        [
            28,
            "Sulfate-L-alanylglycine",
            "KBaseBiochem.Media-1.0",
            "2021-09-08T22:18:56+0000",
            1,
            "anabcoelho",
            98416,
            "anabcoelho:narrative_1631138337034",
            "918a02f427917368d85cc77502ed21ac",
            2071,
            {}
        ]
    ],
    "provenance": [
        {
            "copied": "262/82/1",
            "copy_source_inaccessible": 0,
            "created": "2014-01-18T09:20:59+0000",
            "creator": "chenry",
            "epoch": 1390036859393,
            "extracted_ids": {},
            "info": [
                28,
                "Sulfate-L-alanylglycine",
                "KBaseBiochem.Media-1.0",
                "2021-09-08T22:18:56+0000",
                1,
                "anabcoelho",
                98416,
                "anabcoelho:narrative_1631138337034",
                "918a02f427917368d85cc77502ed21ac",
                2071,
                {}
            ],
            "path": [
                "98416/28/1"
            ],
            "provenance": [
                {
                    "custom": {},
                    "epoch": 1371747876000,
                    "external_data": [],
                    "input_ws_objects": [],
                    "intermediate_incoming": [],
                    "intermediate_outgoing": [],
                    "method": "load_media_from_bio",
                    "method_params": [],
                    "resolved_ws_objects": [],
                    "service": "KBaseFBAModeling",
                    "service_ver": "0",
                    "subactions": [],
                    "time": "2013-06-20T17:04:36+0000"
                }
            ],
            "refs": []
        }
    ]
}