{
    "metadata": [
        [
            38,
            "Sulfate-N-Acetyl-D-L-Methionine",
            "KBaseBiochem.Media-1.0",
            "2021-09-08T22:28:22+0000",
            1,
            "anabcoelho",
            98416,
            "anabcoelho:narrative_1631138337034",
            "57de912454058870d419d5fa8bf3de8c",
            2080,
            {}
        ]
    ],
    "provenance": [
        {
            "copied": "262/257/2",
            "copy_source_inaccessible": 0,
            "created": "2014-02-10T08:19:02+0000",
            "creator": "chenry",
            "epoch": 1392020342818,
            "extracted_ids": {},
            "info": [
                38,
                "Sulfate-N-Acetyl-D-L-Methionine",
                "KBaseBiochem.Media-1.0",
                "2021-09-08T22:28:22+0000",
                1,
                "anabcoelho",
                98416,
                "anabcoelho:narrative_1631138337034",
                "57de912454058870d419d5fa8bf3de8c",
                2080,
                {}
            ],
            "path": [
                "98416/38/1"
            ],
            "provenance": [
                {
                    "custom": {},
                    "epoch": 1377532782000,
                    "external_data": [],
                    "input_ws_objects": [],
                    "intermediate_incoming": [],
                    "intermediate_outgoing": [],
                    "method": "move_object",
                    "method_params": [],
                    "resolved_ws_objects": [],
                    "service": "KBaseFBAModeling",
                    "service_ver": "0",
                    "subactions": [],
                    "time": "2013-08-26T15:59:42+0000"
                }
            ],
            "refs": []
        }
    ]
}