{
    "metadata": [
        [
            733,
            "Sulfate-4-Hydroxybenzoate",
            "KBaseBiochem.Media-1.0",
            "2021-08-26T02:02:13+0000",
            1,
            "anabcoelho",
            97098,
            "anabcoelho:narrative_1629295500006",
            "29c939f81fab4c119d0252409c0acd86",
            2076,
            {}
        ]
    ],
    "provenance": [
        {
            "copied": "262/330/1",
            "copy_source_inaccessible": 0,
            "created": "2014-02-10T08:30:40+0000",
            "creator": "chenry",
            "epoch": 1392021040579,
            "extracted_ids": {},
            "info": [
                733,
                "Sulfate-4-Hydroxybenzoate",
                "KBaseBiochem.Media-1.0",
                "2021-08-26T02:02:13+0000",
                1,
                "anabcoelho",
                97098,
                "anabcoelho:narrative_1629295500006",
                "29c939f81fab4c119d0252409c0acd86",
                2076,
                {}
            ],
            "path": [
                "97098/733/1"
            ],
            "provenance": [
                {
                    "custom": {},
                    "epoch": 1371747869000,
                    "external_data": [],
                    "input_ws_objects": [],
                    "intermediate_incoming": [],
                    "intermediate_outgoing": [],
                    "method": "load_media_from_bio",
                    "method_params": [],
                    "resolved_ws_objects": [],
                    "service": "KBaseFBAModeling",
                    "service_ver": "0",
                    "subactions": [],
                    "time": "2013-06-20T17:04:29+0000"
                }
            ],
            "refs": []
        }
    ]
}