{
    "metadata": [
        [
            741,
            "Sulfate-Adenosine",
            "KBaseBiochem.Media-1.0",
            "2021-08-26T02:02:36+0000",
            1,
            "anabcoelho",
            97098,
            "anabcoelho:narrative_1629295500006",
            "5ace9812a69a3e9b2db96707a6298092",
            2060,
            {}
        ]
    ],
    "provenance": [
        {
            "copied": "262/417/1",
            "copy_source_inaccessible": 0,
            "created": "2014-02-10T08:45:01+0000",
            "creator": "chenry",
            "epoch": 1392021901677,
            "extracted_ids": {},
            "info": [
                741,
                "Sulfate-Adenosine",
                "KBaseBiochem.Media-1.0",
                "2021-08-26T02:02:36+0000",
                1,
                "anabcoelho",
                97098,
                "anabcoelho:narrative_1629295500006",
                "5ace9812a69a3e9b2db96707a6298092",
                2060,
                {}
            ],
            "path": [
                "97098/741/1"
            ],
            "provenance": [
                {
                    "custom": {},
                    "epoch": 1371747870000,
                    "external_data": [],
                    "input_ws_objects": [],
                    "intermediate_incoming": [],
                    "intermediate_outgoing": [],
                    "method": "load_media_from_bio",
                    "method_params": [],
                    "resolved_ws_objects": [],
                    "service": "KBaseFBAModeling",
                    "service_ver": "0",
                    "subactions": [],
                    "time": "2013-06-20T17:04:30+0000"
                }
            ],
            "refs": []
        }
    ]
}