{
    "metadata": [
        [
            1315,
            "Sulfate-L-Cysteinyl-Glycine",
            "KBaseBiochem.Media-1.0",
            "2021-09-06T23:12:57+0000",
            1,
            "anabcoelho",
            97098,
            "anabcoelho:narrative_1629295500006",
            "7f59766df768e0a78bee5a2249d0dbbe",
            2070,
            {}
        ]
    ],
    "provenance": [
        {
            "copied": "262/339/1",
            "copy_source_inaccessible": 0,
            "created": "2014-02-10T08:32:10+0000",
            "creator": "chenry",
            "epoch": 1392021130101,
            "extracted_ids": {},
            "info": [
                1315,
                "Sulfate-L-Cysteinyl-Glycine",
                "KBaseBiochem.Media-1.0",
                "2021-09-06T23:12:57+0000",
                1,
                "anabcoelho",
                97098,
                "anabcoelho:narrative_1629295500006",
                "7f59766df768e0a78bee5a2249d0dbbe",
                2070,
                {}
            ],
            "path": [
                "97098/1315/1"
            ],
            "provenance": [
                {
                    "custom": {},
                    "epoch": 1371747877000,
                    "external_data": [],
                    "input_ws_objects": [],
                    "intermediate_incoming": [],
                    "intermediate_outgoing": [],
                    "method": "load_media_from_bio",
                    "method_params": [],
                    "resolved_ws_objects": [],
                    "service": "KBaseFBAModeling",
                    "service_ver": "0",
                    "subactions": [],
                    "time": "2013-06-20T17:04:37+0000"
                }
            ],
            "refs": []
        }
    ]
}