{
    "metadata": [
        [
            75,
            "Sulfate-D-Methionine",
            "KBaseBiochem.Media-1.0",
            "2021-09-21T18:01:27+0000",
            1,
            "anabcoelho",
            99184,
            "anabcoelho:narrative_1632182780536",
            "807cefba81e24d83a1b69119adb86c66",
            2056,
            {}
        ]
    ],
    "provenance": [
        {
            "copied": "262/305/1",
            "copy_source_inaccessible": 0,
            "created": "2014-02-10T08:23:31+0000",
            "creator": "chenry",
            "epoch": 1392020611918,
            "extracted_ids": {},
            "info": [
                75,
                "Sulfate-D-Methionine",
                "KBaseBiochem.Media-1.0",
                "2021-09-21T18:01:27+0000",
                1,
                "anabcoelho",
                99184,
                "anabcoelho:narrative_1632182780536",
                "807cefba81e24d83a1b69119adb86c66",
                2056,
                {}
            ],
            "path": [
                "99184/75/1"
            ],
            "provenance": [
                {
                    "custom": {},
                    "epoch": 1371747873000,
                    "external_data": [],
                    "input_ws_objects": [],
                    "intermediate_incoming": [],
                    "intermediate_outgoing": [],
                    "method": "load_media_from_bio",
                    "method_params": [],
                    "resolved_ws_objects": [],
                    "service": "KBaseFBAModeling",
                    "service_ver": "0",
                    "subactions": [],
                    "time": "2013-06-20T17:04:33+0000"
                }
            ],
            "refs": []
        }
    ]
}