{
    "metadata": [
        [
            139,
            "Biolog-C-lac-N-dna",
            "KBaseBiochem.Media-1.0",
            "2021-02-11T19:35:22+0000",
            1,
            "anabcoelho",
            79695,
            "anabcoelho:narrative_1608212258873",
            "257984979202e1a7442622904646d05f",
            2063,
            {}
        ]
    ],
    "provenance": [
        {
            "copied": "262/370/1",
            "copy_source_inaccessible": 0,
            "created": "2014-02-10T08:37:08+0000",
            "creator": "chenry",
            "epoch": 1392021428203,
            "extracted_ids": {},
            "info": [
                139,
                "Biolog-C-lac-N-dna",
                "KBaseBiochem.Media-1.0",
                "2021-02-11T19:35:22+0000",
                1,
                "anabcoelho",
                79695,
                "anabcoelho:narrative_1608212258873",
                "257984979202e1a7442622904646d05f",
                2063,
                {}
            ],
            "path": [
                "79695/139/1"
            ],
            "provenance": [
                {
                    "custom": {},
                    "epoch": 1371747883000,
                    "external_data": [],
                    "input_ws_objects": [],
                    "intermediate_incoming": [],
                    "intermediate_outgoing": [],
                    "method": "load_media_from_bio",
                    "method_params": [],
                    "resolved_ws_objects": [],
                    "service": "KBaseFBAModeling",
                    "service_ver": "0",
                    "subactions": [],
                    "time": "2013-06-20T17:04:43+0000"
                }
            ],
            "refs": []
        }
    ]
}