{
    "metadata": [
        [
            493,
            "Nitrogen-N-Acetyl-D-Galactosamine",
            "KBaseBiochem.Media-1.0",
            "2021-08-25T02:17:22+0000",
            1,
            "anabcoelho",
            97098,
            "anabcoelho:narrative_1629295500006",
            "79ff64382950284416975925d107b6ee",
            2081,
            {}
        ]
    ],
    "provenance": [
        {
            "copied": "262/165/1",
            "copy_source_inaccessible": 0,
            "created": "2014-01-18T09:44:09+0000",
            "creator": "chenry",
            "epoch": 1390038249513,
            "extracted_ids": {},
            "info": [
                493,
                "Nitrogen-N-Acetyl-D-Galactosamine",
                "KBaseBiochem.Media-1.0",
                "2021-08-25T02:17:22+0000",
                1,
                "anabcoelho",
                97098,
                "anabcoelho:narrative_1629295500006",
                "79ff64382950284416975925d107b6ee",
                2081,
                {}
            ],
            "path": [
                "97098/493/1"
            ],
            "provenance": [
                {
                    "custom": {},
                    "epoch": 1379604828000,
                    "external_data": [],
                    "input_ws_objects": [],
                    "intermediate_incoming": [],
                    "intermediate_outgoing": [],
                    "method": "move_object",
                    "method_params": [],
                    "resolved_ws_objects": [],
                    "service": "KBaseFBAModeling",
                    "service_ver": "0",
                    "subactions": [],
                    "time": "2013-09-19T15:33:48+0000"
                }
            ],
            "refs": []
        }
    ]
}