{
    "metadata": [
        [
            739,
            "Sulfate-Acetoin",
            "KBaseBiochem.Media-1.0",
            "2021-08-26T02:02:31+0000",
            1,
            "anabcoelho",
            97098,
            "anabcoelho:narrative_1629295500006",
            "282c039fb78e41d5d8a68dfbcc488831",
            2055,
            {}
        ]
    ],
    "provenance": [
        {
            "copied": "262/108/1",
            "copy_source_inaccessible": 0,
            "created": "2014-01-18T09:27:21+0000",
            "creator": "chenry",
            "epoch": 1390037241095,
            "extracted_ids": {},
            "info": [
                739,
                "Sulfate-Acetoin",
                "KBaseBiochem.Media-1.0",
                "2021-08-26T02:02:31+0000",
                1,
                "anabcoelho",
                97098,
                "anabcoelho:narrative_1629295500006",
                "282c039fb78e41d5d8a68dfbcc488831",
                2055,
                {}
            ],
            "path": [
                "97098/739/1"
            ],
            "provenance": [
                {
                    "custom": {},
                    "epoch": 1371747869000,
                    "external_data": [],
                    "input_ws_objects": [],
                    "intermediate_incoming": [],
                    "intermediate_outgoing": [],
                    "method": "load_media_from_bio",
                    "method_params": [],
                    "resolved_ws_objects": [],
                    "service": "KBaseFBAModeling",
                    "service_ver": "0",
                    "subactions": [],
                    "time": "2013-06-20T17:04:29+0000"
                }
            ],
            "refs": []
        }
    ]
}