{
    "metadata": [
        [
            97,
            "Sulfate-Succinate",
            "KBaseBiochem.Media-1.0",
            "2021-09-21T18:07:50+0000",
            1,
            "anabcoelho",
            99184,
            "anabcoelho:narrative_1632182780536",
            "bdb73570b925956982c3f0d928ae51df",
            2060,
            {}
        ]
    ],
    "provenance": [
        {
            "copied": "262/402/1",
            "copy_source_inaccessible": 0,
            "created": "2014-02-10T08:42:32+0000",
            "creator": "chenry",
            "epoch": 1392021752451,
            "extracted_ids": {},
            "info": [
                97,
                "Sulfate-Succinate",
                "KBaseBiochem.Media-1.0",
                "2021-09-21T18:07:50+0000",
                1,
                "anabcoelho",
                99184,
                "anabcoelho:narrative_1632182780536",
                "bdb73570b925956982c3f0d928ae51df",
                2060,
                {}
            ],
            "path": [
                "99184/97/1"
            ],
            "provenance": [
                {
                    "custom": {},
                    "epoch": 1371747881000,
                    "external_data": [],
                    "input_ws_objects": [],
                    "intermediate_incoming": [],
                    "intermediate_outgoing": [],
                    "method": "load_media_from_bio",
                    "method_params": [],
                    "resolved_ws_objects": [],
                    "service": "KBaseFBAModeling",
                    "service_ver": "0",
                    "subactions": [],
                    "time": "2013-06-20T17:04:41+0000"
                }
            ],
            "refs": []
        }
    ]
}