{
    "metadata": [
        [
            212,
            "Nitrogen-Gly-Glu",
            "KBaseBiochem.Media-1.0",
            "2021-08-20T20:53:53+0000",
            1,
            "anabcoelho",
            97098,
            "anabcoelho:narrative_1629295500006",
            "c46253a1ea6591896d4917dfd1865fb0",
            2048,
            {}
        ]
    ],
    "provenance": [
        {
            "copied": "262/352/1",
            "copy_source_inaccessible": 0,
            "created": "2014-02-10T08:34:17+0000",
            "creator": "chenry",
            "epoch": 1392021257041,
            "extracted_ids": {},
            "info": [
                212,
                "Nitrogen-Gly-Glu",
                "KBaseBiochem.Media-1.0",
                "2021-08-20T20:53:53+0000",
                1,
                "anabcoelho",
                97098,
                "anabcoelho:narrative_1629295500006",
                "c46253a1ea6591896d4917dfd1865fb0",
                2048,
                {}
            ],
            "path": [
                "97098/212/1"
            ],
            "provenance": [
                {
                    "custom": {},
                    "epoch": 1371747850000,
                    "external_data": [],
                    "input_ws_objects": [],
                    "intermediate_incoming": [],
                    "intermediate_outgoing": [],
                    "method": "load_media_from_bio",
                    "method_params": [],
                    "resolved_ws_objects": [],
                    "service": "KBaseFBAModeling",
                    "service_ver": "0",
                    "subactions": [],
                    "time": "2013-06-20T17:04:10+0000"
                }
            ],
            "refs": []
        }
    ]
}