{
    "metadata": [
        [
            99,
            "Sulfate-Tetrathionate",
            "KBaseBiochem.Media-1.0",
            "2021-09-21T18:08:01+0000",
            1,
            "anabcoelho",
            99184,
            "anabcoelho:narrative_1632182780536",
            "0262458933e6fe36a85f8c30f34b18b9",
            2058,
            {}
        ]
    ],
    "provenance": [
        {
            "copied": "262/357/1",
            "copy_source_inaccessible": 0,
            "created": "2014-02-10T08:35:05+0000",
            "creator": "chenry",
            "epoch": 1392021305460,
            "extracted_ids": {},
            "info": [
                99,
                "Sulfate-Tetrathionate",
                "KBaseBiochem.Media-1.0",
                "2021-09-21T18:08:01+0000",
                1,
                "anabcoelho",
                99184,
                "anabcoelho:narrative_1632182780536",
                "0262458933e6fe36a85f8c30f34b18b9",
                2058,
                {}
            ],
            "path": [
                "99184/99/1"
            ],
            "provenance": [
                {
                    "custom": {},
                    "epoch": 1371747882000,
                    "external_data": [],
                    "input_ws_objects": [],
                    "intermediate_incoming": [],
                    "intermediate_outgoing": [],
                    "method": "load_media_from_bio",
                    "method_params": [],
                    "resolved_ws_objects": [],
                    "service": "KBaseFBAModeling",
                    "service_ver": "0",
                    "subactions": [],
                    "time": "2013-06-20T17:04:42+0000"
                }
            ],
            "refs": []
        }
    ]
}