{
    "metadata": [
        [
            208,
            "Nitrogen-Ethylamine",
            "KBaseBiochem.Media-1.0",
            "2021-08-20T20:53:24+0000",
            1,
            "anabcoelho",
            97098,
            "anabcoelho:narrative_1629295500006",
            "e87d49f3adfcda6d1783424134061616",
            2053,
            {}
        ]
    ],
    "provenance": [
        {
            "copied": "262/63/1",
            "copy_source_inaccessible": 0,
            "created": "2014-01-18T09:16:25+0000",
            "creator": "chenry",
            "epoch": 1390036585457,
            "extracted_ids": {},
            "info": [
                208,
                "Nitrogen-Ethylamine",
                "KBaseBiochem.Media-1.0",
                "2021-08-20T20:53:24+0000",
                1,
                "anabcoelho",
                97098,
                "anabcoelho:narrative_1629295500006",
                "e87d49f3adfcda6d1783424134061616",
                2053,
                {}
            ],
            "path": [
                "97098/208/1"
            ],
            "provenance": [
                {
                    "custom": {},
                    "epoch": 1371747851000,
                    "external_data": [],
                    "input_ws_objects": [],
                    "intermediate_incoming": [],
                    "intermediate_outgoing": [],
                    "method": "load_media_from_bio",
                    "method_params": [],
                    "resolved_ws_objects": [],
                    "service": "KBaseFBAModeling",
                    "service_ver": "0",
                    "subactions": [],
                    "time": "2013-06-20T17:04:11+0000"
                }
            ],
            "refs": []
        }
    ]
}