{
    "metadata": [
        [
            1297,
            "Sulfate-Glycerone",
            "KBaseBiochem.Media-1.0",
            "2021-09-06T23:10:21+0000",
            1,
            "anabcoelho",
            97098,
            "anabcoelho:narrative_1629295500006",
            "b9fdb578c4211a1ae435e20353ed7a73",
            2059,
            {}
        ]
    ],
    "provenance": [
        {
            "copied": "262/20/1",
            "copy_source_inaccessible": 0,
            "created": "2014-01-18T09:05:20+0000",
            "creator": "chenry",
            "epoch": 1390035920799,
            "extracted_ids": {},
            "info": [
                1297,
                "Sulfate-Glycerone",
                "KBaseBiochem.Media-1.0",
                "2021-09-06T23:10:21+0000",
                1,
                "anabcoelho",
                97098,
                "anabcoelho:narrative_1629295500006",
                "b9fdb578c4211a1ae435e20353ed7a73",
                2059,
                {}
            ],
            "path": [
                "97098/1297/1"
            ],
            "provenance": [
                {
                    "custom": {},
                    "epoch": 1371747875000,
                    "external_data": [],
                    "input_ws_objects": [],
                    "intermediate_incoming": [],
                    "intermediate_outgoing": [],
                    "method": "load_media_from_bio",
                    "method_params": [],
                    "resolved_ws_objects": [],
                    "service": "KBaseFBAModeling",
                    "service_ver": "0",
                    "subactions": [],
                    "time": "2013-06-20T17:04:35+0000"
                }
            ],
            "refs": []
        }
    ]
}