{
    "metadata": [
        [
            147,
            "Biolog-C-lac-N-met-l",
            "KBaseBiochem.Media-1.0",
            "2021-02-11T19:35:42+0000",
            1,
            "anabcoelho",
            79695,
            "anabcoelho:narrative_1608212258873",
            "ed21df1eb61fb45de00384420df99a03",
            2067,
            {}
        ]
    ],
    "provenance": [
        {
            "copied": "262/239/2",
            "copy_source_inaccessible": 0,
            "created": "2014-02-10T08:16:08+0000",
            "creator": "chenry",
            "epoch": 1392020168040,
            "extracted_ids": {},
            "info": [
                147,
                "Biolog-C-lac-N-met-l",
                "KBaseBiochem.Media-1.0",
                "2021-02-11T19:35:42+0000",
                1,
                "anabcoelho",
                79695,
                "anabcoelho:narrative_1608212258873",
                "ed21df1eb61fb45de00384420df99a03",
                2067,
                {}
            ],
            "path": [
                "79695/147/1"
            ],
            "provenance": [
                {
                    "custom": {},
                    "epoch": 1371747885000,
                    "external_data": [],
                    "input_ws_objects": [],
                    "intermediate_incoming": [],
                    "intermediate_outgoing": [],
                    "method": "load_media_from_bio",
                    "method_params": [],
                    "resolved_ws_objects": [],
                    "service": "KBaseFBAModeling",
                    "service_ver": "0",
                    "subactions": [],
                    "time": "2013-06-20T17:04:45+0000"
                }
            ],
            "refs": []
        }
    ]
}