{
    "metadata": [
        [
            769,
            "Carbon-Glycerol",
            "KBaseBiochem.Media-1.0",
            "2021-07-16T17:49:22+0000",
            1,
            "anabcoelho",
            79695,
            "anabcoelho:narrative_1608212258873",
            "f70f7edb05cf076c2ab88b6ab282673e",
            2046,
            {}
        ]
    ],
    "provenance": [
        {
            "copied": "262/502/1",
            "copy_source_inaccessible": 0,
            "created": "2014-02-10T08:59:11+0000",
            "creator": "chenry",
            "epoch": 1392022751533,
            "extracted_ids": {},
            "info": [
                769,
                "Carbon-Glycerol",
                "KBaseBiochem.Media-1.0",
                "2021-07-16T17:49:22+0000",
                1,
                "anabcoelho",
                79695,
                "anabcoelho:narrative_1608212258873",
                "f70f7edb05cf076c2ab88b6ab282673e",
                2046,
                {}
            ],
            "path": [
                "79695/769/1"
            ],
            "provenance": [
                {
                    "custom": {},
                    "epoch": 1371747861000,
                    "external_data": [],
                    "input_ws_objects": [],
                    "intermediate_incoming": [],
                    "intermediate_outgoing": [],
                    "method": "load_media_from_bio",
                    "method_params": [],
                    "resolved_ws_objects": [],
                    "service": "KBaseFBAModeling",
                    "service_ver": "0",
                    "subactions": [],
                    "time": "2013-06-20T17:04:21+0000"
                }
            ],
            "refs": []
        }
    ]
}