{
    "metadata": [
        [
            103,
            "Sulfate-Xanthosine",
            "KBaseBiochem.Media-1.0",
            "2021-09-21T18:10:17+0000",
            1,
            "anabcoelho",
            99184,
            "anabcoelho:narrative_1632182780536",
            "6208bf390dfd7152f3d736ecc24d734d",
            2062,
            {}
        ]
    ],
    "provenance": [
        {
            "copied": "262/235/2",
            "copy_source_inaccessible": 0,
            "created": "2014-02-10T08:15:30+0000",
            "creator": "chenry",
            "epoch": 1392020130226,
            "extracted_ids": {},
            "info": [
                103,
                "Sulfate-Xanthosine",
                "KBaseBiochem.Media-1.0",
                "2021-09-21T18:10:17+0000",
                1,
                "anabcoelho",
                99184,
                "anabcoelho:narrative_1632182780536",
                "6208bf390dfd7152f3d736ecc24d734d",
                2062,
                {}
            ],
            "path": [
                "99184/103/1"
            ],
            "provenance": [
                {
                    "custom": {},
                    "epoch": 1371747883000,
                    "external_data": [],
                    "input_ws_objects": [],
                    "intermediate_incoming": [],
                    "intermediate_outgoing": [],
                    "method": "load_media_from_bio",
                    "method_params": [],
                    "resolved_ws_objects": [],
                    "service": "KBaseFBAModeling",
                    "service_ver": "0",
                    "subactions": [],
                    "time": "2013-06-20T17:04:43+0000"
                }
            ],
            "refs": []
        }
    ]
}