{
    "metadata": [
        [
            1301,
            "Sulfate-Guanosine",
            "KBaseBiochem.Media-1.0",
            "2021-09-06T23:11:21+0000",
            1,
            "anabcoelho",
            97098,
            "anabcoelho:narrative_1629295500006",
            "bace9fd8fb0c71211ddfe8ea14a406ee",
            2060,
            {}
        ]
    ],
    "provenance": [
        {
            "copied": "262/300/2",
            "copy_source_inaccessible": 0,
            "created": "2014-02-10T08:26:21+0000",
            "creator": "chenry",
            "epoch": 1392020781449,
            "extracted_ids": {},
            "info": [
                1301,
                "Sulfate-Guanosine",
                "KBaseBiochem.Media-1.0",
                "2021-09-06T23:11:21+0000",
                1,
                "anabcoelho",
                97098,
                "anabcoelho:narrative_1629295500006",
                "bace9fd8fb0c71211ddfe8ea14a406ee",
                2060,
                {}
            ],
            "path": [
                "97098/1301/1"
            ],
            "provenance": [
                {
                    "custom": {},
                    "epoch": 1371747875000,
                    "external_data": [],
                    "input_ws_objects": [],
                    "intermediate_incoming": [],
                    "intermediate_outgoing": [],
                    "method": "load_media_from_bio",
                    "method_params": [],
                    "resolved_ws_objects": [],
                    "service": "KBaseFBAModeling",
                    "service_ver": "0",
                    "subactions": [],
                    "time": "2013-06-20T17:04:35+0000"
                }
            ],
            "refs": []
        }
    ]
}