{
    "metadata": [
        [
            78,
            "Sulfate-D-Xylose",
            "KBaseBiochem.Media-1.0",
            "2021-09-21T18:02:04+0000",
            1,
            "anabcoelho",
            99184,
            "anabcoelho:narrative_1632182780536",
            "5a08decb88a7f1a37b641dbc60561f29",
            2058,
            {}
        ]
    ],
    "provenance": [
        {
            "copied": "262/321/1",
            "copy_source_inaccessible": 0,
            "created": "2014-02-10T08:29:14+0000",
            "creator": "chenry",
            "epoch": 1392020954086,
            "extracted_ids": {},
            "info": [
                78,
                "Sulfate-D-Xylose",
                "KBaseBiochem.Media-1.0",
                "2021-09-21T18:02:04+0000",
                1,
                "anabcoelho",
                99184,
                "anabcoelho:narrative_1632182780536",
                "5a08decb88a7f1a37b641dbc60561f29",
                2058,
                {}
            ],
            "path": [
                "99184/78/1"
            ],
            "provenance": [
                {
                    "custom": {},
                    "epoch": 1371747873000,
                    "external_data": [],
                    "input_ws_objects": [],
                    "intermediate_incoming": [],
                    "intermediate_outgoing": [],
                    "method": "load_media_from_bio",
                    "method_params": [],
                    "resolved_ws_objects": [],
                    "service": "KBaseFBAModeling",
                    "service_ver": "0",
                    "subactions": [],
                    "time": "2013-06-20T17:04:33+0000"
                }
            ],
            "refs": []
        }
    ]
}