{
    "metadata": [
        [
            336,
            "Sulfate-Uracil",
            "KBaseBiochem.Media-1.0",
            "2021-09-10T02:31:12+0000",
            1,
            "anabcoelho",
            98416,
            "anabcoelho:narrative_1631138337034",
            "97a45d8fe0e647bbf14adaad8607b92d",
            2054,
            {}
        ]
    ],
    "provenance": [
        {
            "copied": "262/287/2",
            "copy_source_inaccessible": 0,
            "created": "2014-02-10T08:24:01+0000",
            "creator": "chenry",
            "epoch": 1392020641337,
            "extracted_ids": {},
            "info": [
                336,
                "Sulfate-Uracil",
                "KBaseBiochem.Media-1.0",
                "2021-09-10T02:31:12+0000",
                1,
                "anabcoelho",
                98416,
                "anabcoelho:narrative_1631138337034",
                "97a45d8fe0e647bbf14adaad8607b92d",
                2054,
                {}
            ],
            "path": [
                "98416/336/1"
            ],
            "provenance": [
                {
                    "custom": {},
                    "epoch": 1371747883000,
                    "external_data": [],
                    "input_ws_objects": [],
                    "intermediate_incoming": [],
                    "intermediate_outgoing": [],
                    "method": "load_media_from_bio",
                    "method_params": [],
                    "resolved_ws_objects": [],
                    "service": "KBaseFBAModeling",
                    "service_ver": "0",
                    "subactions": [],
                    "time": "2013-06-20T17:04:43+0000"
                }
            ],
            "refs": []
        }
    ]
}