{
    "metadata": [
        [
            357,
            "Nitrogen-L-Phenylalanine",
            "KBaseBiochem.Media-1.0",
            "2021-08-23T01:38:22+0000",
            1,
            "anabcoelho",
            97098,
            "anabcoelho:narrative_1629295500006",
            "617e63f1c5c21e2d55b9e3a479774032",
            2064,
            {}
        ]
    ],
    "provenance": [
        {
            "copied": "262/376/1",
            "copy_source_inaccessible": 0,
            "created": "2014-02-10T08:38:11+0000",
            "creator": "chenry",
            "epoch": 1392021491791,
            "extracted_ids": {},
            "info": [
                357,
                "Nitrogen-L-Phenylalanine",
                "KBaseBiochem.Media-1.0",
                "2021-08-23T01:38:22+0000",
                1,
                "anabcoelho",
                97098,
                "anabcoelho:narrative_1629295500006",
                "617e63f1c5c21e2d55b9e3a479774032",
                2064,
                {}
            ],
            "path": [
                "97098/357/1"
            ],
            "provenance": [
                {
                    "custom": {},
                    "epoch": 1371747848000,
                    "external_data": [],
                    "input_ws_objects": [],
                    "intermediate_incoming": [],
                    "intermediate_outgoing": [],
                    "method": "load_media_from_bio",
                    "method_params": [],
                    "resolved_ws_objects": [],
                    "service": "KBaseFBAModeling",
                    "service_ver": "0",
                    "subactions": [],
                    "time": "2013-06-20T17:04:08+0000"
                }
            ],
            "refs": []
        }
    ]
}