{
    "metadata": [
        [
            1331,
            "Sulfate-L-Rhamnose",
            "KBaseBiochem.Media-1.0",
            "2021-09-06T23:19:05+0000",
            1,
            "anabcoelho",
            97098,
            "anabcoelho:narrative_1629295500006",
            "76d5084203657f3a3c31773d05cba56a",
            2061,
            {}
        ]
    ],
    "provenance": [
        {
            "copied": "262/48/1",
            "copy_source_inaccessible": 0,
            "created": "2014-01-18T09:13:23+0000",
            "creator": "chenry",
            "epoch": 1390036403922,
            "extracted_ids": {},
            "info": [
                1331,
                "Sulfate-L-Rhamnose",
                "KBaseBiochem.Media-1.0",
                "2021-09-06T23:19:05+0000",
                1,
                "anabcoelho",
                97098,
                "anabcoelho:narrative_1629295500006",
                "76d5084203657f3a3c31773d05cba56a",
                2061,
                {}
            ],
            "path": [
                "97098/1331/1"
            ],
            "provenance": [
                {
                    "custom": {},
                    "epoch": 1371747878000,
                    "external_data": [],
                    "input_ws_objects": [],
                    "intermediate_incoming": [],
                    "intermediate_outgoing": [],
                    "method": "load_media_from_bio",
                    "method_params": [],
                    "resolved_ws_objects": [],
                    "service": "KBaseFBAModeling",
                    "service_ver": "0",
                    "subactions": [],
                    "time": "2013-06-20T17:04:38+0000"
                }
            ],
            "refs": []
        }
    ]
}