{
    "metadata": [
        [
            59,
            "Nitrogen-N-Acetyl-D-Glucosamine",
            "KBaseBiochem.Media-1.0",
            "2021-09-21T17:55:12+0000",
            1,
            "anabcoelho",
            99184,
            "anabcoelho:narrative_1632182780536",
            "db198bcd1665be066c9c6d55db311494",
            2077,
            {}
        ]
    ],
    "provenance": [
        {
            "copied": "262/155/1",
            "copy_source_inaccessible": 0,
            "created": "2014-01-18T09:39:29+0000",
            "creator": "chenry",
            "epoch": 1390037969201,
            "extracted_ids": {},
            "info": [
                59,
                "Nitrogen-N-Acetyl-D-Glucosamine",
                "KBaseBiochem.Media-1.0",
                "2021-09-21T17:55:12+0000",
                1,
                "anabcoelho",
                99184,
                "anabcoelho:narrative_1632182780536",
                "db198bcd1665be066c9c6d55db311494",
                2077,
                {}
            ],
            "path": [
                "99184/59/1"
            ],
            "provenance": [
                {
                    "custom": {},
                    "epoch": 1371747847000,
                    "external_data": [],
                    "input_ws_objects": [],
                    "intermediate_incoming": [],
                    "intermediate_outgoing": [],
                    "method": "load_media_from_bio",
                    "method_params": [],
                    "resolved_ws_objects": [],
                    "service": "KBaseFBAModeling",
                    "service_ver": "0",
                    "subactions": [],
                    "time": "2013-06-20T17:04:07+0000"
                }
            ],
            "refs": []
        }
    ]
}