{
    "metadata": [
        [
            98,
            "Sulfate-Sucrose",
            "KBaseBiochem.Media-1.0",
            "2021-09-21T18:07:55+0000",
            1,
            "anabcoelho",
            99184,
            "anabcoelho:narrative_1632182780536",
            "fadc940075fa8d85d36292b049153bd2",
            2056,
            {}
        ]
    ],
    "provenance": [
        {
            "copied": "262/271/2",
            "copy_source_inaccessible": 0,
            "created": "2014-02-10T08:21:16+0000",
            "creator": "chenry",
            "epoch": 1392020476197,
            "extracted_ids": {},
            "info": [
                98,
                "Sulfate-Sucrose",
                "KBaseBiochem.Media-1.0",
                "2021-09-21T18:07:55+0000",
                1,
                "anabcoelho",
                99184,
                "anabcoelho:narrative_1632182780536",
                "fadc940075fa8d85d36292b049153bd2",
                2056,
                {}
            ],
            "path": [
                "99184/98/1"
            ],
            "provenance": [
                {
                    "custom": {},
                    "epoch": 1371747882000,
                    "external_data": [],
                    "input_ws_objects": [],
                    "intermediate_incoming": [],
                    "intermediate_outgoing": [],
                    "method": "load_media_from_bio",
                    "method_params": [],
                    "resolved_ws_objects": [],
                    "service": "KBaseFBAModeling",
                    "service_ver": "0",
                    "subactions": [],
                    "time": "2013-06-20T17:04:42+0000"
                }
            ],
            "refs": []
        }
    ]
}