{
    "metadata": [
        [
            93,
            "Sulfate-Nitrite",
            "KBaseBiochem.Media-1.0",
            "2021-09-21T18:06:57+0000",
            1,
            "anabcoelho",
            99184,
            "anabcoelho:narrative_1632182780536",
            "0dc71011c852a2489a6f551cf47615d9",
            2056,
            {}
        ]
    ],
    "provenance": [
        {
            "copied": "262/348/1",
            "copy_source_inaccessible": 0,
            "created": "2014-02-10T08:33:37+0000",
            "creator": "chenry",
            "epoch": 1392021217023,
            "extracted_ids": {},
            "info": [
                93,
                "Sulfate-Nitrite",
                "KBaseBiochem.Media-1.0",
                "2021-09-21T18:06:57+0000",
                1,
                "anabcoelho",
                99184,
                "anabcoelho:narrative_1632182780536",
                "0dc71011c852a2489a6f551cf47615d9",
                2056,
                {}
            ],
            "path": [
                "99184/93/1"
            ],
            "provenance": [
                {
                    "custom": {},
                    "epoch": 1371747880000,
                    "external_data": [],
                    "input_ws_objects": [],
                    "intermediate_incoming": [],
                    "intermediate_outgoing": [],
                    "method": "load_media_from_bio",
                    "method_params": [],
                    "resolved_ws_objects": [],
                    "service": "KBaseFBAModeling",
                    "service_ver": "0",
                    "subactions": [],
                    "time": "2013-06-20T17:04:40+0000"
                }
            ],
            "refs": []
        }
    ]
}