{
    "metadata": [
        [
            1309,
            "Sulfate-L-Asparagine",
            "KBaseBiochem.Media-1.0",
            "2021-09-06T23:12:13+0000",
            1,
            "anabcoelho",
            97098,
            "anabcoelho:narrative_1629295500006",
            "af5311d59820890072bfe5389454ce01",
            2066,
            {}
        ]
    ],
    "provenance": [
        {
            "copied": "262/447/1",
            "copy_source_inaccessible": 0,
            "created": "2014-02-10T08:50:00+0000",
            "creator": "chenry",
            "epoch": 1392022200233,
            "extracted_ids": {},
            "info": [
                1309,
                "Sulfate-L-Asparagine",
                "KBaseBiochem.Media-1.0",
                "2021-09-06T23:12:13+0000",
                1,
                "anabcoelho",
                97098,
                "anabcoelho:narrative_1629295500006",
                "af5311d59820890072bfe5389454ce01",
                2066,
                {}
            ],
            "path": [
                "97098/1309/1"
            ],
            "provenance": [
                {
                    "custom": {},
                    "epoch": 1371747876000,
                    "external_data": [],
                    "input_ws_objects": [],
                    "intermediate_incoming": [],
                    "intermediate_outgoing": [],
                    "method": "load_media_from_bio",
                    "method_params": [],
                    "resolved_ws_objects": [],
                    "service": "KBaseFBAModeling",
                    "service_ver": "0",
                    "subactions": [],
                    "time": "2013-06-20T17:04:36+0000"
                }
            ],
            "refs": []
        }
    ]
}