{
    "metadata": [
        [
            366,
            "Nitrogen-Methylamine",
            "KBaseBiochem.Media-1.0",
            "2021-08-23T01:38:49+0000",
            1,
            "anabcoelho",
            97098,
            "anabcoelho:narrative_1629295500006",
            "96a5f1dab1cec81288447ffc616d707b",
            2056,
            {}
        ]
    ],
    "provenance": [
        {
            "copied": "262/483/1",
            "copy_source_inaccessible": 0,
            "created": "2014-02-10T08:56:02+0000",
            "creator": "chenry",
            "epoch": 1392022562060,
            "extracted_ids": {},
            "info": [
                366,
                "Nitrogen-Methylamine",
                "KBaseBiochem.Media-1.0",
                "2021-08-23T01:38:49+0000",
                1,
                "anabcoelho",
                97098,
                "anabcoelho:narrative_1629295500006",
                "96a5f1dab1cec81288447ffc616d707b",
                2056,
                {}
            ],
            "path": [
                "97098/366/1"
            ],
            "provenance": [
                {
                    "custom": {},
                    "epoch": 1371747848000,
                    "external_data": [],
                    "input_ws_objects": [],
                    "intermediate_incoming": [],
                    "intermediate_outgoing": [],
                    "method": "load_media_from_bio",
                    "method_params": [],
                    "resolved_ws_objects": [],
                    "service": "KBaseFBAModeling",
                    "service_ver": "0",
                    "subactions": [],
                    "time": "2013-06-20T17:04:08+0000"
                }
            ],
            "refs": []
        }
    ]
}