{
    "metadata": [
        [
            1092,
            "Sulfate-D-Fructose",
            "KBaseBiochem.Media-1.0",
            "2021-08-31T21:01:42+0000",
            1,
            "anabcoelho",
            97098,
            "anabcoelho:narrative_1629295500006",
            "a953ac9a1c1a893f49cb3aecc118a31c",
            2062,
            {}
        ]
    ],
    "provenance": [
        {
            "copied": "262/261/2",
            "copy_source_inaccessible": 0,
            "created": "2014-02-10T08:19:39+0000",
            "creator": "chenry",
            "epoch": 1392020379685,
            "extracted_ids": {},
            "info": [
                1092,
                "Sulfate-D-Fructose",
                "KBaseBiochem.Media-1.0",
                "2021-08-31T21:01:42+0000",
                1,
                "anabcoelho",
                97098,
                "anabcoelho:narrative_1629295500006",
                "a953ac9a1c1a893f49cb3aecc118a31c",
                2062,
                {}
            ],
            "path": [
                "97098/1092/1"
            ],
            "provenance": [
                {
                    "custom": {},
                    "epoch": 1371747872000,
                    "external_data": [],
                    "input_ws_objects": [],
                    "intermediate_incoming": [],
                    "intermediate_outgoing": [],
                    "method": "load_media_from_bio",
                    "method_params": [],
                    "resolved_ws_objects": [],
                    "service": "KBaseFBAModeling",
                    "service_ver": "0",
                    "subactions": [],
                    "time": "2013-06-20T17:04:32+0000"
                }
            ],
            "refs": []
        }
    ]
}