{
    "metadata": [
        [
            54,
            "Nitrogen-Inosine",
            "KBaseBiochem.Media-1.0",
            "2021-09-21T17:53:28+0000",
            1,
            "anabcoelho",
            99184,
            "anabcoelho:narrative_1632182780536",
            "1ba55bf452fec41a2d3802bb7af18990",
            2047,
            {}
        ]
    ],
    "provenance": [
        {
            "copied": "262/45/1",
            "copy_source_inaccessible": 0,
            "created": "2014-01-18T09:12:34+0000",
            "creator": "chenry",
            "epoch": 1390036354887,
            "extracted_ids": {},
            "info": [
                54,
                "Nitrogen-Inosine",
                "KBaseBiochem.Media-1.0",
                "2021-09-21T17:53:28+0000",
                1,
                "anabcoelho",
                99184,
                "anabcoelho:narrative_1632182780536",
                "1ba55bf452fec41a2d3802bb7af18990",
                2047,
                {}
            ],
            "path": [
                "99184/54/1"
            ],
            "provenance": [
                {
                    "custom": {},
                    "epoch": 1371747850000,
                    "external_data": [],
                    "input_ws_objects": [],
                    "intermediate_incoming": [],
                    "intermediate_outgoing": [],
                    "method": "load_media_from_bio",
                    "method_params": [],
                    "resolved_ws_objects": [],
                    "service": "KBaseFBAModeling",
                    "service_ver": "0",
                    "subactions": [],
                    "time": "2013-06-20T17:04:10+0000"
                }
            ],
            "refs": []
        }
    ]
}