{
    "metadata": [
        [
            1103,
            "Sulfate-D-Mannosamine",
            "KBaseBiochem.Media-1.0",
            "2021-08-31T21:03:34+0000",
            1,
            "anabcoelho",
            97098,
            "anabcoelho:narrative_1629295500006",
            "09160193987fb1127443b8d3e1ce89c9",
            2067,
            {}
        ]
    ],
    "provenance": [
        {
            "copied": "262/95/1",
            "copy_source_inaccessible": 0,
            "created": "2014-01-18T09:23:54+0000",
            "creator": "chenry",
            "epoch": 1390037034285,
            "extracted_ids": {},
            "info": [
                1103,
                "Sulfate-D-Mannosamine",
                "KBaseBiochem.Media-1.0",
                "2021-08-31T21:03:34+0000",
                1,
                "anabcoelho",
                97098,
                "anabcoelho:narrative_1629295500006",
                "09160193987fb1127443b8d3e1ce89c9",
                2067,
                {}
            ],
            "path": [
                "97098/1103/1"
            ],
            "provenance": [
                {
                    "custom": {},
                    "epoch": 1371747873000,
                    "external_data": [],
                    "input_ws_objects": [],
                    "intermediate_incoming": [],
                    "intermediate_outgoing": [],
                    "method": "load_media_from_bio",
                    "method_params": [],
                    "resolved_ws_objects": [],
                    "service": "KBaseFBAModeling",
                    "service_ver": "0",
                    "subactions": [],
                    "time": "2013-06-20T17:04:33+0000"
                }
            ],
            "refs": []
        }
    ]
}