{
    "metadata": [
        [
            40,
            "Nitrogen-Acetamide",
            "KBaseBiochem.Media-1.0",
            "2021-09-21T01:14:08+0000",
            1,
            "anabcoelho",
            99184,
            "anabcoelho:narrative_1632182780536",
            "8b7b7276ea071462061bdb664019c6d5",
            2051,
            {}
        ]
    ],
    "provenance": [
        {
            "copied": "262/96/1",
            "copy_source_inaccessible": 0,
            "created": "2014-01-18T09:24:08+0000",
            "creator": "chenry",
            "epoch": 1390037048201,
            "extracted_ids": {},
            "info": [
                40,
                "Nitrogen-Acetamide",
                "KBaseBiochem.Media-1.0",
                "2021-09-21T01:14:08+0000",
                1,
                "anabcoelho",
                99184,
                "anabcoelho:narrative_1632182780536",
                "8b7b7276ea071462061bdb664019c6d5",
                2051,
                {}
            ],
            "path": [
                "99184/40/1"
            ],
            "provenance": [
                {
                    "custom": {},
                    "epoch": 1371747853000,
                    "external_data": [],
                    "input_ws_objects": [],
                    "intermediate_incoming": [],
                    "intermediate_outgoing": [],
                    "method": "load_media_from_bio",
                    "method_params": [],
                    "resolved_ws_objects": [],
                    "service": "KBaseFBAModeling",
                    "service_ver": "0",
                    "subactions": [],
                    "time": "2013-06-20T17:04:13+0000"
                }
            ],
            "refs": []
        }
    ]
}