{
    "metadata": [
        [
            728,
            "Sulfate-1H-Imidazole-4-ethanamin",
            "KBaseBiochem.Media-1.0",
            "2021-08-26T02:01:55+0000",
            1,
            "anabcoelho",
            97098,
            "anabcoelho:narrative_1629295500006",
            "92b9d7749fd59cc8bcac52f125b98f91",
            2089,
            {}
        ]
    ],
    "provenance": [
        {
            "copied": "262/18/1",
            "copy_source_inaccessible": 0,
            "created": "2014-01-18T09:05:01+0000",
            "creator": "chenry",
            "epoch": 1390035901193,
            "extracted_ids": {},
            "info": [
                728,
                "Sulfate-1H-Imidazole-4-ethanamin",
                "KBaseBiochem.Media-1.0",
                "2021-08-26T02:01:55+0000",
                1,
                "anabcoelho",
                97098,
                "anabcoelho:narrative_1629295500006",
                "92b9d7749fd59cc8bcac52f125b98f91",
                2089,
                {}
            ],
            "path": [
                "97098/728/1"
            ],
            "provenance": [
                {
                    "custom": {},
                    "epoch": 1371747869000,
                    "external_data": [],
                    "input_ws_objects": [],
                    "intermediate_incoming": [],
                    "intermediate_outgoing": [],
                    "method": "load_media_from_bio",
                    "method_params": [],
                    "resolved_ws_objects": [],
                    "service": "KBaseFBAModeling",
                    "service_ver": "0",
                    "subactions": [],
                    "time": "2013-06-20T17:04:29+0000"
                }
            ],
            "refs": []
        }
    ]
}