{
    "metadata": [
        [
            1336,
            "Sulfate-L-Tyrosine",
            "KBaseBiochem.Media-1.0",
            "2021-09-06T23:19:31+0000",
            1,
            "anabcoelho",
            97098,
            "anabcoelho:narrative_1629295500006",
            "f6d364a6eec598a6a016ed9822bfee13",
            2062,
            {}
        ]
    ],
    "provenance": [
        {
            "copied": "262/507/1",
            "copy_source_inaccessible": 0,
            "created": "2014-02-10T08:59:58+0000",
            "creator": "chenry",
            "epoch": 1392022798779,
            "extracted_ids": {},
            "info": [
                1336,
                "Sulfate-L-Tyrosine",
                "KBaseBiochem.Media-1.0",
                "2021-09-06T23:19:31+0000",
                1,
                "anabcoelho",
                97098,
                "anabcoelho:narrative_1629295500006",
                "f6d364a6eec598a6a016ed9822bfee13",
                2062,
                {}
            ],
            "path": [
                "97098/1336/1"
            ],
            "provenance": [
                {
                    "custom": {},
                    "epoch": 1371747878000,
                    "external_data": [],
                    "input_ws_objects": [],
                    "intermediate_incoming": [],
                    "intermediate_outgoing": [],
                    "method": "load_media_from_bio",
                    "method_params": [],
                    "resolved_ws_objects": [],
                    "service": "KBaseFBAModeling",
                    "service_ver": "0",
                    "subactions": [],
                    "time": "2013-06-20T17:04:38+0000"
                }
            ],
            "refs": []
        }
    ]
}