{
    "metadata": [
        [
            110,
            "Nitrogen-Ala-His",
            "KBaseBiochem.Media-1.0",
            "2021-08-19T15:20:17+0000",
            1,
            "anabcoelho",
            97098,
            "anabcoelho:narrative_1629295500006",
            "a16a0c6f3592ca34f07d1950d12c1191",
            2048,
            {}
        ]
    ],
    "provenance": [
        {
            "copied": "262/354/1",
            "copy_source_inaccessible": 0,
            "created": "2014-02-10T08:34:36+0000",
            "creator": "chenry",
            "epoch": 1392021276220,
            "extracted_ids": {},
            "info": [
                110,
                "Nitrogen-Ala-His",
                "KBaseBiochem.Media-1.0",
                "2021-08-19T15:20:17+0000",
                1,
                "anabcoelho",
                97098,
                "anabcoelho:narrative_1629295500006",
                "a16a0c6f3592ca34f07d1950d12c1191",
                2048,
                {}
            ],
            "path": [
                "97098/110/1"
            ],
            "provenance": [
                {
                    "custom": {},
                    "epoch": 1371747853000,
                    "external_data": [],
                    "input_ws_objects": [],
                    "intermediate_incoming": [],
                    "intermediate_outgoing": [],
                    "method": "load_media_from_bio",
                    "method_params": [],
                    "resolved_ws_objects": [],
                    "service": "KBaseFBAModeling",
                    "service_ver": "0",
                    "subactions": [],
                    "time": "2013-06-20T17:04:13+0000"
                }
            ],
            "refs": []
        }
    ]
}