{
    "metadata": [
        [
            91,
            "Sulfate-N-Acetyl-D-glucosamine",
            "KBaseBiochem.Media-1.0",
            "2021-09-21T18:06:41+0000",
            1,
            "anabcoelho",
            99184,
            "anabcoelho:narrative_1632182780536",
            "3d93b8d9b54b4a679ea1102622e608dd",
            2086,
            {}
        ]
    ],
    "provenance": [
        {
            "copied": "262/309/1",
            "copy_source_inaccessible": 0,
            "created": "2014-02-10T08:27:17+0000",
            "creator": "chenry",
            "epoch": 1392020837291,
            "extracted_ids": {},
            "info": [
                91,
                "Sulfate-N-Acetyl-D-glucosamine",
                "KBaseBiochem.Media-1.0",
                "2021-09-21T18:06:41+0000",
                1,
                "anabcoelho",
                99184,
                "anabcoelho:narrative_1632182780536",
                "3d93b8d9b54b4a679ea1102622e608dd",
                2086,
                {}
            ],
            "path": [
                "99184/91/1"
            ],
            "provenance": [
                {
                    "custom": {},
                    "epoch": 1371747880000,
                    "external_data": [],
                    "input_ws_objects": [],
                    "intermediate_incoming": [],
                    "intermediate_outgoing": [],
                    "method": "load_media_from_bio",
                    "method_params": [],
                    "resolved_ws_objects": [],
                    "service": "KBaseFBAModeling",
                    "service_ver": "0",
                    "subactions": [],
                    "time": "2013-06-20T17:04:40+0000"
                }
            ],
            "refs": []
        }
    ]
}