{
    "metadata": [
        [
            89,
            "Sulfate-L-Lyxose",
            "KBaseBiochem.Media-1.0",
            "2021-09-21T18:05:44+0000",
            1,
            "anabcoelho",
            99184,
            "anabcoelho:narrative_1632182780536",
            "0e3e96eedaf3205aa40a5165f7bce9bc",
            2058,
            {}
        ]
    ],
    "provenance": [
        {
            "copied": "262/373/1",
            "copy_source_inaccessible": 0,
            "created": "2014-02-10T08:37:41+0000",
            "creator": "chenry",
            "epoch": 1392021461876,
            "extracted_ids": {},
            "info": [
                89,
                "Sulfate-L-Lyxose",
                "KBaseBiochem.Media-1.0",
                "2021-09-21T18:05:44+0000",
                1,
                "anabcoelho",
                99184,
                "anabcoelho:narrative_1632182780536",
                "0e3e96eedaf3205aa40a5165f7bce9bc",
                2058,
                {}
            ],
            "path": [
                "99184/89/1"
            ],
            "provenance": [
                {
                    "custom": {},
                    "epoch": 1371747877000,
                    "external_data": [],
                    "input_ws_objects": [],
                    "intermediate_incoming": [],
                    "intermediate_outgoing": [],
                    "method": "load_media_from_bio",
                    "method_params": [],
                    "resolved_ws_objects": [],
                    "service": "KBaseFBAModeling",
                    "service_ver": "0",
                    "subactions": [],
                    "time": "2013-06-20T17:04:37+0000"
                }
            ],
            "refs": []
        }
    ]
}