{
    "metadata": [
        [
            1187,
            "Carbon-a-D-Glucose",
            "KBaseBiochem.Media-1.0",
            "2021-08-07T20:09:01+0000",
            1,
            "anabcoelho",
            79695,
            "anabcoelho:narrative_1608212258873",
            "8574753da6b8e6d14c43b1edda6074db",
            2051,
            {}
        ]
    ],
    "provenance": [
        {
            "copied": "262/218/1",
            "copy_source_inaccessible": 0,
            "created": "2014-01-18T09:56:36+0000",
            "creator": "chenry",
            "epoch": 1390038996777,
            "extracted_ids": {},
            "info": [
                1187,
                "Carbon-a-D-Glucose",
                "KBaseBiochem.Media-1.0",
                "2021-08-07T20:09:01+0000",
                1,
                "anabcoelho",
                79695,
                "anabcoelho:narrative_1608212258873",
                "8574753da6b8e6d14c43b1edda6074db",
                2051,
                {}
            ],
            "path": [
                "79695/1187/1"
            ],
            "provenance": [
                {
                    "custom": {},
                    "epoch": 1371747868000,
                    "external_data": [],
                    "input_ws_objects": [],
                    "intermediate_incoming": [],
                    "intermediate_outgoing": [],
                    "method": "load_media_from_bio",
                    "method_params": [],
                    "resolved_ws_objects": [],
                    "service": "KBaseFBAModeling",
                    "service_ver": "0",
                    "subactions": [],
                    "time": "2013-06-20T17:04:28+0000"
                }
            ],
            "refs": []
        }
    ]
}