{
    "metadata": [
        [
            344,
            "Nitrogen-L-Aspartic-Acid",
            "KBaseBiochem.Media-1.0",
            "2021-08-23T01:37:26+0000",
            1,
            "anabcoelho",
            97098,
            "anabcoelho:narrative_1629295500006",
            "4d0e1b16c760117a7d02efce3c61c9cd",
            2063,
            {}
        ]
    ],
    "provenance": [
        {
            "copied": "262/71/1",
            "copy_source_inaccessible": 0,
            "created": "2014-01-18T09:18:15+0000",
            "creator": "chenry",
            "epoch": 1390036695575,
            "extracted_ids": {},
            "info": [
                344,
                "Nitrogen-L-Aspartic-Acid",
                "KBaseBiochem.Media-1.0",
                "2021-08-23T01:37:26+0000",
                1,
                "anabcoelho",
                97098,
                "anabcoelho:narrative_1629295500006",
                "4d0e1b16c760117a7d02efce3c61c9cd",
                2063,
                {}
            ],
            "path": [
                "97098/344/1"
            ],
            "provenance": [
                {
                    "custom": {},
                    "epoch": 1377532720000,
                    "external_data": [],
                    "input_ws_objects": [],
                    "intermediate_incoming": [],
                    "intermediate_outgoing": [],
                    "method": "move_object",
                    "method_params": [],
                    "resolved_ws_objects": [],
                    "service": "KBaseFBAModeling",
                    "service_ver": "0",
                    "subactions": [],
                    "time": "2013-08-26T15:58:40+0000"
                }
            ],
            "refs": []
        }
    ]
}