{
    "metadata": [
        [
            1308,
            "Sulfate-L-Arginine",
            "KBaseBiochem.Media-1.0",
            "2021-09-06T23:12:04+0000",
            1,
            "anabcoelho",
            97098,
            "anabcoelho:narrative_1629295500006",
            "314ef2fb0d06c61ae898b2d8d3a6f345",
            2061,
            {}
        ]
    ],
    "provenance": [
        {
            "copied": "262/163/1",
            "copy_source_inaccessible": 0,
            "created": "2014-01-18T09:43:28+0000",
            "creator": "chenry",
            "epoch": 1390038208190,
            "extracted_ids": {},
            "info": [
                1308,
                "Sulfate-L-Arginine",
                "KBaseBiochem.Media-1.0",
                "2021-09-06T23:12:04+0000",
                1,
                "anabcoelho",
                97098,
                "anabcoelho:narrative_1629295500006",
                "314ef2fb0d06c61ae898b2d8d3a6f345",
                2061,
                {}
            ],
            "path": [
                "97098/1308/1"
            ],
            "provenance": [
                {
                    "custom": {},
                    "epoch": 1371747876000,
                    "external_data": [],
                    "input_ws_objects": [],
                    "intermediate_incoming": [],
                    "intermediate_outgoing": [],
                    "method": "load_media_from_bio",
                    "method_params": [],
                    "resolved_ws_objects": [],
                    "service": "KBaseFBAModeling",
                    "service_ver": "0",
                    "subactions": [],
                    "time": "2013-06-20T17:04:36+0000"
                }
            ],
            "refs": []
        }
    ]
}