{
    "metadata": [
        [
            108,
            "Biolog-C-cytd",
            "KBaseBiochem.Media-1.0",
            "2021-12-11T01:06:05+0000",
            1,
            "anabcoelho",
            99184,
            "anabcoelho:narrative_1632182780536",
            "480da8b3f8e386629bb513d9b9e56c01",
            2053,
            {}
        ]
    ],
    "provenance": [
        {
            "copied": "262/361/1",
            "copy_source_inaccessible": 0,
            "created": "2014-02-10T08:35:43+0000",
            "creator": "chenry",
            "epoch": 1392021343303,
            "extracted_ids": {},
            "info": [
                108,
                "Biolog-C-cytd",
                "KBaseBiochem.Media-1.0",
                "2021-12-11T01:06:05+0000",
                1,
                "anabcoelho",
                99184,
                "anabcoelho:narrative_1632182780536",
                "480da8b3f8e386629bb513d9b9e56c01",
                2053,
                {}
            ],
            "path": [
                "99184/108/1"
            ],
            "provenance": [
                {
                    "custom": {},
                    "epoch": 1371747883000,
                    "external_data": [],
                    "input_ws_objects": [],
                    "intermediate_incoming": [],
                    "intermediate_outgoing": [],
                    "method": "load_media_from_bio",
                    "method_params": [],
                    "resolved_ws_objects": [],
                    "service": "KBaseFBAModeling",
                    "service_ver": "0",
                    "subactions": [],
                    "time": "2013-06-20T17:04:43+0000"
                }
            ],
            "refs": []
        }
    ]
}