{
    "metadata": [
        [
            154,
            "Biolog-C-lac-S-gthrd",
            "KBaseBiochem.Media-1.0",
            "2021-02-11T19:36:11+0000",
            1,
            "anabcoelho",
            79695,
            "anabcoelho:narrative_1608212258873",
            "03128a4d46d20513b4f5d13e87454b4f",
            2067,
            {}
        ]
    ],
    "provenance": [
        {
            "copied": "262/384/1",
            "copy_source_inaccessible": 0,
            "created": "2014-02-10T08:39:34+0000",
            "creator": "chenry",
            "epoch": 1392021574002,
            "extracted_ids": {},
            "info": [
                154,
                "Biolog-C-lac-S-gthrd",
                "KBaseBiochem.Media-1.0",
                "2021-02-11T19:36:11+0000",
                1,
                "anabcoelho",
                79695,
                "anabcoelho:narrative_1608212258873",
                "03128a4d46d20513b4f5d13e87454b4f",
                2067,
                {}
            ],
            "path": [
                "79695/154/1"
            ],
            "provenance": [
                {
                    "custom": {},
                    "epoch": 1371747885000,
                    "external_data": [],
                    "input_ws_objects": [],
                    "intermediate_incoming": [],
                    "intermediate_outgoing": [],
                    "method": "load_media_from_bio",
                    "method_params": [],
                    "resolved_ws_objects": [],
                    "service": "KBaseFBAModeling",
                    "service_ver": "0",
                    "subactions": [],
                    "time": "2013-06-20T17:04:45+0000"
                }
            ],
            "refs": []
        }
    ]
}