{
    "metadata": [
        [
            498,
            "Nitrogen-Nitrite",
            "KBaseBiochem.Media-1.0",
            "2021-08-25T02:17:36+0000",
            1,
            "anabcoelho",
            97098,
            "anabcoelho:narrative_1629295500006",
            "96f34468f742af4bfde57d8e444907b1",
            2047,
            {}
        ]
    ],
    "provenance": [
        {
            "copied": "262/12/1",
            "copy_source_inaccessible": 0,
            "created": "2014-01-18T09:03:30+0000",
            "creator": "chenry",
            "epoch": 1390035810394,
            "extracted_ids": {},
            "info": [
                498,
                "Nitrogen-Nitrite",
                "KBaseBiochem.Media-1.0",
                "2021-08-25T02:17:36+0000",
                1,
                "anabcoelho",
                97098,
                "anabcoelho:narrative_1629295500006",
                "96f34468f742af4bfde57d8e444907b1",
                2047,
                {}
            ],
            "path": [
                "97098/498/1"
            ],
            "provenance": [
                {
                    "custom": {},
                    "epoch": 1371747847000,
                    "external_data": [],
                    "input_ws_objects": [],
                    "intermediate_incoming": [],
                    "intermediate_outgoing": [],
                    "method": "load_media_from_bio",
                    "method_params": [],
                    "resolved_ws_objects": [],
                    "service": "KBaseFBAModeling",
                    "service_ver": "0",
                    "subactions": [],
                    "time": "2013-06-20T17:04:07+0000"
                }
            ],
            "refs": []
        }
    ]
}