{
    "metadata": [
        [
            52,
            "Nitrogen-Gly-Asn",
            "KBaseBiochem.Media-1.0",
            "2021-09-21T17:53:12+0000",
            1,
            "anabcoelho",
            99184,
            "anabcoelho:narrative_1632182780536",
            "4d17cba22fc701aef8a70884d6d783bf",
            2048,
            {}
        ]
    ],
    "provenance": [
        {
            "copied": "262/356/1",
            "copy_source_inaccessible": 0,
            "created": "2014-02-10T08:34:55+0000",
            "creator": "chenry",
            "epoch": 1392021295107,
            "extracted_ids": {},
            "info": [
                52,
                "Nitrogen-Gly-Asn",
                "KBaseBiochem.Media-1.0",
                "2021-09-21T17:53:12+0000",
                1,
                "anabcoelho",
                99184,
                "anabcoelho:narrative_1632182780536",
                "4d17cba22fc701aef8a70884d6d783bf",
                2048,
                {}
            ],
            "path": [
                "99184/52/1"
            ],
            "provenance": [
                {
                    "custom": {},
                    "epoch": 1371747851000,
                    "external_data": [],
                    "input_ws_objects": [],
                    "intermediate_incoming": [],
                    "intermediate_outgoing": [],
                    "method": "load_media_from_bio",
                    "method_params": [],
                    "resolved_ws_objects": [],
                    "service": "KBaseFBAModeling",
                    "service_ver": "0",
                    "subactions": [],
                    "time": "2013-06-20T17:04:11+0000"
                }
            ],
            "refs": []
        }
    ]
}