{
    "metadata": [
        [
            1097,
            "Sulfate-D-Glucosamine",
            "KBaseBiochem.Media-1.0",
            "2021-08-31T21:02:59+0000",
            1,
            "anabcoelho",
            97098,
            "anabcoelho:narrative_1629295500006",
            "c7617c02f9847b86bc9161e147218267",
            2068,
            {}
        ]
    ],
    "provenance": [
        {
            "copied": "262/512/1",
            "copy_source_inaccessible": 0,
            "created": "2014-02-10T09:00:48+0000",
            "creator": "chenry",
            "epoch": 1392022848479,
            "extracted_ids": {},
            "info": [
                1097,
                "Sulfate-D-Glucosamine",
                "KBaseBiochem.Media-1.0",
                "2021-08-31T21:02:59+0000",
                1,
                "anabcoelho",
                97098,
                "anabcoelho:narrative_1629295500006",
                "c7617c02f9847b86bc9161e147218267",
                2068,
                {}
            ],
            "path": [
                "97098/1097/1"
            ],
            "provenance": [
                {
                    "custom": {},
                    "epoch": 1371747872000,
                    "external_data": [],
                    "input_ws_objects": [],
                    "intermediate_incoming": [],
                    "intermediate_outgoing": [],
                    "method": "load_media_from_bio",
                    "method_params": [],
                    "resolved_ws_objects": [],
                    "service": "KBaseFBAModeling",
                    "service_ver": "0",
                    "subactions": [],
                    "time": "2013-06-20T17:04:32+0000"
                }
            ],
            "refs": []
        }
    ]
}