{
    "metadata": [
        [
            94,
            "Sulfate-Oxalate",
            "KBaseBiochem.Media-1.0",
            "2021-09-21T18:07:10+0000",
            1,
            "anabcoelho",
            99184,
            "anabcoelho:narrative_1632182780536",
            "8831fa4d66d604028b48e0b2febc8cf0",
            2056,
            {}
        ]
    ],
    "provenance": [
        {
            "copied": "262/413/1",
            "copy_source_inaccessible": 0,
            "created": "2014-02-10T08:44:20+0000",
            "creator": "chenry",
            "epoch": 1392021860978,
            "extracted_ids": {},
            "info": [
                94,
                "Sulfate-Oxalate",
                "KBaseBiochem.Media-1.0",
                "2021-09-21T18:07:10+0000",
                1,
                "anabcoelho",
                99184,
                "anabcoelho:narrative_1632182780536",
                "8831fa4d66d604028b48e0b2febc8cf0",
                2056,
                {}
            ],
            "path": [
                "99184/94/1"
            ],
            "provenance": [
                {
                    "custom": {},
                    "epoch": 1371747880000,
                    "external_data": [],
                    "input_ws_objects": [],
                    "intermediate_incoming": [],
                    "intermediate_outgoing": [],
                    "method": "load_media_from_bio",
                    "method_params": [],
                    "resolved_ws_objects": [],
                    "service": "KBaseFBAModeling",
                    "service_ver": "0",
                    "subactions": [],
                    "time": "2013-06-20T17:04:40+0000"
                }
            ],
            "refs": []
        }
    ]
}