{
    "metadata": [
        [
            748,
            "Sulfate-Biuret",
            "KBaseBiochem.Media-1.0",
            "2021-08-26T02:03:11+0000",
            1,
            "anabcoelho",
            97098,
            "anabcoelho:narrative_1629295500006",
            "71cf447702f8e6b0e0ab1548e976f25a",
            2053,
            {}
        ]
    ],
    "provenance": [
        {
            "copied": "262/36/1",
            "copy_source_inaccessible": 0,
            "created": "2014-01-18T09:10:13+0000",
            "creator": "chenry",
            "epoch": 1390036213236,
            "extracted_ids": {},
            "info": [
                748,
                "Sulfate-Biuret",
                "KBaseBiochem.Media-1.0",
                "2021-08-26T02:03:11+0000",
                1,
                "anabcoelho",
                97098,
                "anabcoelho:narrative_1629295500006",
                "71cf447702f8e6b0e0ab1548e976f25a",
                2053,
                {}
            ],
            "path": [
                "97098/748/1"
            ],
            "provenance": [
                {
                    "custom": {},
                    "epoch": 1371747870000,
                    "external_data": [],
                    "input_ws_objects": [],
                    "intermediate_incoming": [],
                    "intermediate_outgoing": [],
                    "method": "load_media_from_bio",
                    "method_params": [],
                    "resolved_ws_objects": [],
                    "service": "KBaseFBAModeling",
                    "service_ver": "0",
                    "subactions": [],
                    "time": "2013-06-20T17:04:30+0000"
                }
            ],
            "refs": []
        }
    ]
}