{
    "metadata": [
        [
            326,
            "Sulfate-Taurine",
            "KBaseBiochem.Media-1.0",
            "2021-09-10T02:30:29+0000",
            1,
            "anabcoelho",
            98416,
            "anabcoelho:narrative_1631138337034",
            "b3f0a7fa9a6b61059ed125ccf80c7e76",
            2046,
            {}
        ]
    ],
    "provenance": [
        {
            "copied": "262/284/2",
            "copy_source_inaccessible": 0,
            "created": "2014-02-10T08:23:22+0000",
            "creator": "chenry",
            "epoch": 1392020602457,
            "extracted_ids": {},
            "info": [
                326,
                "Sulfate-Taurine",
                "KBaseBiochem.Media-1.0",
                "2021-09-10T02:30:29+0000",
                1,
                "anabcoelho",
                98416,
                "anabcoelho:narrative_1631138337034",
                "b3f0a7fa9a6b61059ed125ccf80c7e76",
                2046,
                {}
            ],
            "path": [
                "98416/326/1"
            ],
            "provenance": [
                {
                    "custom": {},
                    "epoch": 1371747882000,
                    "external_data": [],
                    "input_ws_objects": [],
                    "intermediate_incoming": [],
                    "intermediate_outgoing": [],
                    "method": "load_media_from_bio",
                    "method_params": [],
                    "resolved_ws_objects": [],
                    "service": "KBaseFBAModeling",
                    "service_ver": "0",
                    "subactions": [],
                    "time": "2013-06-20T17:04:42+0000"
                }
            ],
            "refs": []
        }
    ]
}