{
    "metadata": [
        [
            503,
            "Nitrogen-Uracil",
            "KBaseBiochem.Media-1.0",
            "2021-08-25T02:17:54+0000",
            1,
            "anabcoelho",
            97098,
            "anabcoelho:narrative_1629295500006",
            "e5dd00b239f29ff79e12a1224b38e504",
            2045,
            {}
        ]
    ],
    "provenance": [
        {
            "copied": "262/106/1",
            "copy_source_inaccessible": 0,
            "created": "2014-01-18T09:26:31+0000",
            "creator": "chenry",
            "epoch": 1390037191999,
            "extracted_ids": {},
            "info": [
                503,
                "Nitrogen-Uracil",
                "KBaseBiochem.Media-1.0",
                "2021-08-25T02:17:54+0000",
                1,
                "anabcoelho",
                97098,
                "anabcoelho:narrative_1629295500006",
                "e5dd00b239f29ff79e12a1224b38e504",
                2045,
                {}
            ],
            "path": [
                "97098/503/1"
            ],
            "provenance": [
                {
                    "custom": {},
                    "epoch": 1371747847000,
                    "external_data": [],
                    "input_ws_objects": [],
                    "intermediate_incoming": [],
                    "intermediate_outgoing": [],
                    "method": "load_media_from_bio",
                    "method_params": [],
                    "resolved_ws_objects": [],
                    "service": "KBaseFBAModeling",
                    "service_ver": "0",
                    "subactions": [],
                    "time": "2013-06-20T17:04:07+0000"
                }
            ],
            "refs": []
        }
    ]
}