{
    "metadata": [
        [
            73,
            "Sulfate-D-Lysine",
            "KBaseBiochem.Media-1.0",
            "2021-09-21T18:01:19+0000",
            1,
            "anabcoelho",
            99184,
            "anabcoelho:narrative_1632182780536",
            "e909d3101b4b758d7b9434bc0350089c",
            2058,
            {}
        ]
    ],
    "provenance": [
        {
            "copied": "262/455/1",
            "copy_source_inaccessible": 0,
            "created": "2014-02-10T08:51:21+0000",
            "creator": "chenry",
            "epoch": 1392022281141,
            "extracted_ids": {},
            "info": [
                73,
                "Sulfate-D-Lysine",
                "KBaseBiochem.Media-1.0",
                "2021-09-21T18:01:19+0000",
                1,
                "anabcoelho",
                99184,
                "anabcoelho:narrative_1632182780536",
                "e909d3101b4b758d7b9434bc0350089c",
                2058,
                {}
            ],
            "path": [
                "99184/73/1"
            ],
            "provenance": [
                {
                    "custom": {},
                    "epoch": 1371747873000,
                    "external_data": [],
                    "input_ws_objects": [],
                    "intermediate_incoming": [],
                    "intermediate_outgoing": [],
                    "method": "load_media_from_bio",
                    "method_params": [],
                    "resolved_ws_objects": [],
                    "service": "KBaseFBAModeling",
                    "service_ver": "0",
                    "subactions": [],
                    "time": "2013-06-20T17:04:33+0000"
                }
            ],
            "refs": []
        }
    ]
}