{
    "metadata": [
        [
            1093,
            "Sulfate-D-Galactosamine",
            "KBaseBiochem.Media-1.0",
            "2021-08-31T21:01:47+0000",
            1,
            "anabcoelho",
            97098,
            "anabcoelho:narrative_1629295500006",
            "58800d023196983228ca582cbd9760e8",
            2072,
            {}
        ]
    ],
    "provenance": [
        {
            "copied": "262/250/2",
            "copy_source_inaccessible": 0,
            "created": "2014-02-10T08:17:46+0000",
            "creator": "chenry",
            "epoch": 1392020266171,
            "extracted_ids": {},
            "info": [
                1093,
                "Sulfate-D-Galactosamine",
                "KBaseBiochem.Media-1.0",
                "2021-08-31T21:01:47+0000",
                1,
                "anabcoelho",
                97098,
                "anabcoelho:narrative_1629295500006",
                "58800d023196983228ca582cbd9760e8",
                2072,
                {}
            ],
            "path": [
                "97098/1093/1"
            ],
            "provenance": [
                {
                    "custom": {},
                    "epoch": 1371747872000,
                    "external_data": [],
                    "input_ws_objects": [],
                    "intermediate_incoming": [],
                    "intermediate_outgoing": [],
                    "method": "load_media_from_bio",
                    "method_params": [],
                    "resolved_ws_objects": [],
                    "service": "KBaseFBAModeling",
                    "service_ver": "0",
                    "subactions": [],
                    "time": "2013-06-20T17:04:32+0000"
                }
            ],
            "refs": []
        }
    ]
}