{
    "metadata": [
        [
            84,
            "Sulfate-Galactarate",
            "KBaseBiochem.Media-1.0",
            "2021-09-21T18:04:07+0000",
            1,
            "anabcoelho",
            99184,
            "anabcoelho:narrative_1632182780536",
            "3d32cf977b1e21c49825255cdc230548",
            2064,
            {}
        ]
    ],
    "provenance": [
        {
            "copied": "262/312/1",
            "copy_source_inaccessible": 0,
            "created": "2014-02-10T08:27:45+0000",
            "creator": "chenry",
            "epoch": 1392020865588,
            "extracted_ids": {},
            "info": [
                84,
                "Sulfate-Galactarate",
                "KBaseBiochem.Media-1.0",
                "2021-09-21T18:04:07+0000",
                1,
                "anabcoelho",
                99184,
                "anabcoelho:narrative_1632182780536",
                "3d32cf977b1e21c49825255cdc230548",
                2064,
                {}
            ],
            "path": [
                "99184/84/1"
            ],
            "provenance": [
                {
                    "custom": {},
                    "epoch": 1371747874000,
                    "external_data": [],
                    "input_ws_objects": [],
                    "intermediate_incoming": [],
                    "intermediate_outgoing": [],
                    "method": "load_media_from_bio",
                    "method_params": [],
                    "resolved_ws_objects": [],
                    "service": "KBaseFBAModeling",
                    "service_ver": "0",
                    "subactions": [],
                    "time": "2013-06-20T17:04:34+0000"
                }
            ],
            "refs": []
        }
    ]
}