{
    "metadata": [
        [
            57,
            "Nitrogen-L-Leucine",
            "KBaseBiochem.Media-1.0",
            "2021-09-21T17:54:54+0000",
            1,
            "anabcoelho",
            99184,
            "anabcoelho:narrative_1632182780536",
            "3b0826e888c141a2ebb6c3421c90e1d3",
            2052,
            {}
        ]
    ],
    "provenance": [
        {
            "copied": "262/416/1",
            "copy_source_inaccessible": 0,
            "created": "2014-02-10T08:44:51+0000",
            "creator": "chenry",
            "epoch": 1392021891859,
            "extracted_ids": {},
            "info": [
                57,
                "Nitrogen-L-Leucine",
                "KBaseBiochem.Media-1.0",
                "2021-09-21T17:54:54+0000",
                1,
                "anabcoelho",
                99184,
                "anabcoelho:narrative_1632182780536",
                "3b0826e888c141a2ebb6c3421c90e1d3",
                2052,
                {}
            ],
            "path": [
                "99184/57/1"
            ],
            "provenance": [
                {
                    "custom": {},
                    "epoch": 1371747849000,
                    "external_data": [],
                    "input_ws_objects": [],
                    "intermediate_incoming": [],
                    "intermediate_outgoing": [],
                    "method": "load_media_from_bio",
                    "method_params": [],
                    "resolved_ws_objects": [],
                    "service": "KBaseFBAModeling",
                    "service_ver": "0",
                    "subactions": [],
                    "time": "2013-06-20T17:04:09+0000"
                }
            ],
            "refs": []
        }
    ]
}