{
    "metadata": [
        [
            742,
            "Sulfate-Ala-Gln",
            "KBaseBiochem.Media-1.0",
            "2021-08-26T02:02:40+0000",
            1,
            "anabcoelho",
            97098,
            "anabcoelho:narrative_1629295500006",
            "9b5a8b0b7fdcaa77779c02b96bdf4caf",
            2056,
            {}
        ]
    ],
    "provenance": [
        {
            "copied": "262/317/1",
            "copy_source_inaccessible": 0,
            "created": "2014-02-10T08:28:35+0000",
            "creator": "chenry",
            "epoch": 1392020915486,
            "extracted_ids": {},
            "info": [
                742,
                "Sulfate-Ala-Gln",
                "KBaseBiochem.Media-1.0",
                "2021-08-26T02:02:40+0000",
                1,
                "anabcoelho",
                97098,
                "anabcoelho:narrative_1629295500006",
                "9b5a8b0b7fdcaa77779c02b96bdf4caf",
                2056,
                {}
            ],
            "path": [
                "97098/742/1"
            ],
            "provenance": [
                {
                    "custom": {},
                    "epoch": 1371747870000,
                    "external_data": [],
                    "input_ws_objects": [],
                    "intermediate_incoming": [],
                    "intermediate_outgoing": [],
                    "method": "load_media_from_bio",
                    "method_params": [],
                    "resolved_ws_objects": [],
                    "service": "KBaseFBAModeling",
                    "service_ver": "0",
                    "subactions": [],
                    "time": "2013-06-20T17:04:30+0000"
                }
            ],
            "refs": []
        }
    ]
}