{
    "metadata": [
        [
            1114,
            "Sulfate-Dextrin",
            "KBaseBiochem.Media-1.0",
            "2021-08-31T21:04:31+0000",
            1,
            "anabcoelho",
            97098,
            "anabcoelho:narrative_1629295500006",
            "58b539e59a9ae4ef39ece2285c936bcd",
            2055,
            {}
        ]
    ],
    "provenance": [
        {
            "copied": "262/28/1",
            "copy_source_inaccessible": 0,
            "created": "2014-01-18T09:07:48+0000",
            "creator": "chenry",
            "epoch": 1390036068905,
            "extracted_ids": {},
            "info": [
                1114,
                "Sulfate-Dextrin",
                "KBaseBiochem.Media-1.0",
                "2021-08-31T21:04:31+0000",
                1,
                "anabcoelho",
                97098,
                "anabcoelho:narrative_1629295500006",
                "58b539e59a9ae4ef39ece2285c936bcd",
                2055,
                {}
            ],
            "path": [
                "97098/1114/1"
            ],
            "provenance": [
                {
                    "custom": {},
                    "epoch": 1371747874000,
                    "external_data": [],
                    "input_ws_objects": [],
                    "intermediate_incoming": [],
                    "intermediate_outgoing": [],
                    "method": "load_media_from_bio",
                    "method_params": [],
                    "resolved_ws_objects": [],
                    "service": "KBaseFBAModeling",
                    "service_ver": "0",
                    "subactions": [],
                    "time": "2013-06-20T17:04:34+0000"
                }
            ],
            "refs": []
        }
    ]
}