{
    "metadata": [
        [
            365,
            "Nitrogen-Met-Ala",
            "KBaseBiochem.Media-1.0",
            "2021-08-23T01:38:46+0000",
            1,
            "anabcoelho",
            97098,
            "anabcoelho:narrative_1629295500006",
            "4ddac6d0c813ffd2bab8a4ec6fb96246",
            2047,
            {}
        ]
    ],
    "provenance": [
        {
            "copied": "262/221/1",
            "copy_source_inaccessible": 0,
            "created": "2014-01-18T09:57:19+0000",
            "creator": "chenry",
            "epoch": 1390039039193,
            "extracted_ids": {},
            "info": [
                365,
                "Nitrogen-Met-Ala",
                "KBaseBiochem.Media-1.0",
                "2021-08-23T01:38:46+0000",
                1,
                "anabcoelho",
                97098,
                "anabcoelho:narrative_1629295500006",
                "4ddac6d0c813ffd2bab8a4ec6fb96246",
                2047,
                {}
            ],
            "path": [
                "97098/365/1"
            ],
            "provenance": [
                {
                    "custom": {},
                    "epoch": 1371747848000,
                    "external_data": [],
                    "input_ws_objects": [],
                    "intermediate_incoming": [],
                    "intermediate_outgoing": [],
                    "method": "load_media_from_bio",
                    "method_params": [],
                    "resolved_ws_objects": [],
                    "service": "KBaseFBAModeling",
                    "service_ver": "0",
                    "subactions": [],
                    "time": "2013-06-20T17:04:08+0000"
                }
            ],
            "refs": []
        }
    ]
}