{
    "metadata": [
        [
            211,
            "Nitrogen-Gly-Gln",
            "KBaseBiochem.Media-1.0",
            "2021-08-20T20:53:49+0000",
            1,
            "anabcoelho",
            97098,
            "anabcoelho:narrative_1629295500006",
            "7d7f177b73511d96ef271db2c68ef8f6",
            2048,
            {}
        ]
    ],
    "provenance": [
        {
            "copied": "262/274/2",
            "copy_source_inaccessible": 0,
            "created": "2014-02-10T08:21:45+0000",
            "creator": "chenry",
            "epoch": 1392020505641,
            "extracted_ids": {},
            "info": [
                211,
                "Nitrogen-Gly-Gln",
                "KBaseBiochem.Media-1.0",
                "2021-08-20T20:53:49+0000",
                1,
                "anabcoelho",
                97098,
                "anabcoelho:narrative_1629295500006",
                "7d7f177b73511d96ef271db2c68ef8f6",
                2048,
                {}
            ],
            "path": [
                "97098/211/1"
            ],
            "provenance": [
                {
                    "custom": {},
                    "epoch": 1371747851000,
                    "external_data": [],
                    "input_ws_objects": [],
                    "intermediate_incoming": [],
                    "intermediate_outgoing": [],
                    "method": "load_media_from_bio",
                    "method_params": [],
                    "resolved_ws_objects": [],
                    "service": "KBaseFBAModeling",
                    "service_ver": "0",
                    "subactions": [],
                    "time": "2013-06-20T17:04:11+0000"
                }
            ],
            "refs": []
        }
    ]
}