{
    "metadata": [
        [
            1089,
            "Sulfate-D-Asparagine",
            "KBaseBiochem.Media-1.0",
            "2021-08-31T20:58:37+0000",
            1,
            "anabcoelho",
            97098,
            "anabcoelho:narrative_1629295500006",
            "dddb65de7ba444bfb85947d5fb90d9d0",
            2066,
            {}
        ]
    ],
    "provenance": [
        {
            "copied": "262/295/2",
            "copy_source_inaccessible": 0,
            "created": "2014-02-10T08:25:31+0000",
            "creator": "chenry",
            "epoch": 1392020731039,
            "extracted_ids": {},
            "info": [
                1089,
                "Sulfate-D-Asparagine",
                "KBaseBiochem.Media-1.0",
                "2021-08-31T20:58:37+0000",
                1,
                "anabcoelho",
                97098,
                "anabcoelho:narrative_1629295500006",
                "dddb65de7ba444bfb85947d5fb90d9d0",
                2066,
                {}
            ],
            "path": [
                "97098/1089/1"
            ],
            "provenance": [
                {
                    "custom": {},
                    "epoch": 1371747872000,
                    "external_data": [],
                    "input_ws_objects": [],
                    "intermediate_incoming": [],
                    "intermediate_outgoing": [],
                    "method": "load_media_from_bio",
                    "method_params": [],
                    "resolved_ws_objects": [],
                    "service": "KBaseFBAModeling",
                    "service_ver": "0",
                    "subactions": [],
                    "time": "2013-06-20T17:04:32+0000"
                }
            ],
            "refs": []
        }
    ]
}