{
    "metadata": [
        [
            13,
            "Sulfate-L-Leucine",
            "KBaseBiochem.Media-1.0",
            "2021-09-08T22:18:08+0000",
            1,
            "anabcoelho",
            98416,
            "anabcoelho:narrative_1631138337034",
            "ef67e9330ca39aed09f297c9dfe63a7f",
            2060,
            {}
        ]
    ],
    "provenance": [
        {
            "copied": "262/456/1",
            "copy_source_inaccessible": 0,
            "created": "2014-02-10T08:51:31+0000",
            "creator": "chenry",
            "epoch": 1392022291022,
            "extracted_ids": {},
            "info": [
                13,
                "Sulfate-L-Leucine",
                "KBaseBiochem.Media-1.0",
                "2021-09-08T22:18:08+0000",
                1,
                "anabcoelho",
                98416,
                "anabcoelho:narrative_1631138337034",
                "ef67e9330ca39aed09f297c9dfe63a7f",
                2060,
                {}
            ],
            "path": [
                "98416/13/1"
            ],
            "provenance": [
                {
                    "custom": {},
                    "epoch": 1371747877000,
                    "external_data": [],
                    "input_ws_objects": [],
                    "intermediate_incoming": [],
                    "intermediate_outgoing": [],
                    "method": "load_media_from_bio",
                    "method_params": [],
                    "resolved_ws_objects": [],
                    "service": "KBaseFBAModeling",
                    "service_ver": "0",
                    "subactions": [],
                    "time": "2013-06-20T17:04:37+0000"
                }
            ],
            "refs": []
        }
    ]
}