{
    "metadata": [
        [
            58,
            "Nitrogen-L-Valine",
            "KBaseBiochem.Media-1.0",
            "2021-09-21T17:54:59+0000",
            1,
            "anabcoelho",
            99184,
            "anabcoelho:narrative_1632182780536",
            "aa5419376bfd9a7231c45237a0e56d1d",
            2049,
            {}
        ]
    ],
    "provenance": [
        {
            "copied": "262/105/1",
            "copy_source_inaccessible": 0,
            "created": "2014-01-18T09:26:22+0000",
            "creator": "chenry",
            "epoch": 1390037182608,
            "extracted_ids": {},
            "info": [
                58,
                "Nitrogen-L-Valine",
                "KBaseBiochem.Media-1.0",
                "2021-09-21T17:54:59+0000",
                1,
                "anabcoelho",
                99184,
                "anabcoelho:narrative_1632182780536",
                "aa5419376bfd9a7231c45237a0e56d1d",
                2049,
                {}
            ],
            "path": [
                "99184/58/1"
            ],
            "provenance": [
                {
                    "custom": {},
                    "epoch": 1371747848000,
                    "external_data": [],
                    "input_ws_objects": [],
                    "intermediate_incoming": [],
                    "intermediate_outgoing": [],
                    "method": "load_media_from_bio",
                    "method_params": [],
                    "resolved_ws_objects": [],
                    "service": "KBaseFBAModeling",
                    "service_ver": "0",
                    "subactions": [],
                    "time": "2013-06-20T17:04:08+0000"
                }
            ],
            "refs": []
        }
    ]
}