{
    "metadata": [
        [
            96,
            "Sulfate-Pyruvate",
            "KBaseBiochem.Media-1.0",
            "2021-09-21T18:07:39+0000",
            1,
            "anabcoelho",
            99184,
            "anabcoelho:narrative_1632182780536",
            "f2741c21f94fce300d37b6dc1086446a",
            2057,
            {}
        ]
    ],
    "provenance": [
        {
            "copied": "262/127/1",
            "copy_source_inaccessible": 0,
            "created": "2014-01-18T09:32:05+0000",
            "creator": "chenry",
            "epoch": 1390037525613,
            "extracted_ids": {},
            "info": [
                96,
                "Sulfate-Pyruvate",
                "KBaseBiochem.Media-1.0",
                "2021-09-21T18:07:39+0000",
                1,
                "anabcoelho",
                99184,
                "anabcoelho:narrative_1632182780536",
                "f2741c21f94fce300d37b6dc1086446a",
                2057,
                {}
            ],
            "path": [
                "99184/96/1"
            ],
            "provenance": [
                {
                    "custom": {},
                    "epoch": 1371747881000,
                    "external_data": [],
                    "input_ws_objects": [],
                    "intermediate_incoming": [],
                    "intermediate_outgoing": [],
                    "method": "load_media_from_bio",
                    "method_params": [],
                    "resolved_ws_objects": [],
                    "service": "KBaseFBAModeling",
                    "service_ver": "0",
                    "subactions": [],
                    "time": "2013-06-20T17:04:41+0000"
                }
            ],
            "refs": []
        }
    ]
}