{
    "metadata": [
        [
            90,
            "Sulfate-Mannan",
            "KBaseBiochem.Media-1.0",
            "2021-09-21T18:06:26+0000",
            1,
            "anabcoelho",
            99184,
            "anabcoelho:narrative_1632182780536",
            "08cc973c1fa510746f176e1ddb4610dc",
            2054,
            {}
        ]
    ],
    "provenance": [
        {
            "copied": "262/392/1",
            "copy_source_inaccessible": 0,
            "created": "2014-02-10T08:40:54+0000",
            "creator": "chenry",
            "epoch": 1392021654424,
            "extracted_ids": {},
            "info": [
                90,
                "Sulfate-Mannan",
                "KBaseBiochem.Media-1.0",
                "2021-09-21T18:06:26+0000",
                1,
                "anabcoelho",
                99184,
                "anabcoelho:narrative_1632182780536",
                "08cc973c1fa510746f176e1ddb4610dc",
                2054,
                {}
            ],
            "path": [
                "99184/90/1"
            ],
            "provenance": [
                {
                    "custom": {},
                    "epoch": 1371747879000,
                    "external_data": [],
                    "input_ws_objects": [],
                    "intermediate_incoming": [],
                    "intermediate_outgoing": [],
                    "method": "load_media_from_bio",
                    "method_params": [],
                    "resolved_ws_objects": [],
                    "service": "KBaseFBAModeling",
                    "service_ver": "0",
                    "subactions": [],
                    "time": "2013-06-20T17:04:39+0000"
                }
            ],
            "refs": []
        }
    ]
}