{
    "metadata": [
        [
            79,
            "Sulfate-Deoxyribose",
            "KBaseBiochem.Media-1.0",
            "2021-09-21T18:02:28+0000",
            1,
            "anabcoelho",
            99184,
            "anabcoelho:narrative_1632182780536",
            "164c0c764f1c8886c080125d4671b35f",
            2064,
            {}
        ]
    ],
    "provenance": [
        {
            "copied": "262/335/1",
            "copy_source_inaccessible": 0,
            "created": "2014-02-10T08:31:30+0000",
            "creator": "chenry",
            "epoch": 1392021090121,
            "extracted_ids": {},
            "info": [
                79,
                "Sulfate-Deoxyribose",
                "KBaseBiochem.Media-1.0",
                "2021-09-21T18:02:28+0000",
                1,
                "anabcoelho",
                99184,
                "anabcoelho:narrative_1632182780536",
                "164c0c764f1c8886c080125d4671b35f",
                2064,
                {}
            ],
            "path": [
                "99184/79/1"
            ],
            "provenance": [
                {
                    "custom": {},
                    "epoch": 1371747874000,
                    "external_data": [],
                    "input_ws_objects": [],
                    "intermediate_incoming": [],
                    "intermediate_outgoing": [],
                    "method": "load_media_from_bio",
                    "method_params": [],
                    "resolved_ws_objects": [],
                    "service": "KBaseFBAModeling",
                    "service_ver": "0",
                    "subactions": [],
                    "time": "2013-06-20T17:04:34+0000"
                }
            ],
            "refs": []
        }
    ]
}