{
    "metadata": [
        [
            44,
            "Sulfate-N-Acetylneuraminate",
            "KBaseBiochem.Media-1.0",
            "2021-09-08T22:28:44+0000",
            1,
            "anabcoelho",
            98416,
            "anabcoelho:narrative_1631138337034",
            "be24838966fbe606e7f0f921f8da4e6c",
            2079,
            {}
        ]
    ],
    "provenance": [
        {
            "copied": "262/150/1",
            "copy_source_inaccessible": 0,
            "created": "2014-01-18T09:38:18+0000",
            "creator": "chenry",
            "epoch": 1390037898927,
            "extracted_ids": {},
            "info": [
                44,
                "Sulfate-N-Acetylneuraminate",
                "KBaseBiochem.Media-1.0",
                "2021-09-08T22:28:44+0000",
                1,
                "anabcoelho",
                98416,
                "anabcoelho:narrative_1631138337034",
                "be24838966fbe606e7f0f921f8da4e6c",
                2079,
                {}
            ],
            "path": [
                "98416/44/1"
            ],
            "provenance": [
                {
                    "custom": {},
                    "epoch": 1371747880000,
                    "external_data": [],
                    "input_ws_objects": [],
                    "intermediate_incoming": [],
                    "intermediate_outgoing": [],
                    "method": "load_media_from_bio",
                    "method_params": [],
                    "resolved_ws_objects": [],
                    "service": "KBaseFBAModeling",
                    "service_ver": "0",
                    "subactions": [],
                    "time": "2013-06-20T17:04:40+0000"
                }
            ],
            "refs": []
        }
    ]
}