{
    "metadata": [
        [
            332,
            "Sulfate-Thymine",
            "KBaseBiochem.Media-1.0",
            "2021-09-10T02:30:45+0000",
            1,
            "anabcoelho",
            98416,
            "anabcoelho:narrative_1631138337034",
            "52f11d652f23db53364d8610ecde8229",
            2055,
            {}
        ]
    ],
    "provenance": [
        {
            "copied": "262/109/1",
            "copy_source_inaccessible": 0,
            "created": "2014-01-18T09:27:47+0000",
            "creator": "chenry",
            "epoch": 1390037267176,
            "extracted_ids": {},
            "info": [
                332,
                "Sulfate-Thymine",
                "KBaseBiochem.Media-1.0",
                "2021-09-10T02:30:45+0000",
                1,
                "anabcoelho",
                98416,
                "anabcoelho:narrative_1631138337034",
                "52f11d652f23db53364d8610ecde8229",
                2055,
                {}
            ],
            "path": [
                "98416/332/1"
            ],
            "provenance": [
                {
                    "custom": {},
                    "epoch": 1371747882000,
                    "external_data": [],
                    "input_ws_objects": [],
                    "intermediate_incoming": [],
                    "intermediate_outgoing": [],
                    "method": "load_media_from_bio",
                    "method_params": [],
                    "resolved_ws_objects": [],
                    "service": "KBaseFBAModeling",
                    "service_ver": "0",
                    "subactions": [],
                    "time": "2013-06-20T17:04:42+0000"
                }
            ],
            "refs": []
        }
    ]
}