{
    "metadata": [
        [
            202,
            "Nitrogen-D-L-a-Amino-N-Butyric-Acid",
            "KBaseBiochem.Media-1.0",
            "2021-08-20T20:53:07+0000",
            1,
            "anabcoelho",
            97098,
            "anabcoelho:narrative_1629295500006",
            "8ec8d2321322613d334c189e8ce46816",
            2088,
            {}
        ]
    ],
    "provenance": [
        {
            "copied": "262/336/1",
            "copy_source_inaccessible": 0,
            "created": "2014-02-10T08:31:40+0000",
            "creator": "chenry",
            "epoch": 1392021100102,
            "extracted_ids": {},
            "info": [
                202,
                "Nitrogen-D-L-a-Amino-N-Butyric-Acid",
                "KBaseBiochem.Media-1.0",
                "2021-08-20T20:53:07+0000",
                1,
                "anabcoelho",
                97098,
                "anabcoelho:narrative_1629295500006",
                "8ec8d2321322613d334c189e8ce46816",
                2088,
                {}
            ],
            "path": [
                "97098/202/1"
            ],
            "provenance": [
                {
                    "custom": {},
                    "epoch": 1379604824000,
                    "external_data": [],
                    "input_ws_objects": [],
                    "intermediate_incoming": [],
                    "intermediate_outgoing": [],
                    "method": "move_object",
                    "method_params": [],
                    "resolved_ws_objects": [],
                    "service": "KBaseFBAModeling",
                    "service_ver": "0",
                    "subactions": [],
                    "time": "2013-09-19T15:33:44+0000"
                }
            ],
            "refs": []
        }
    ]
}