{
    "metadata": [
        [
            144,
            "Biolog-C-lac-N-his-l",
            "KBaseBiochem.Media-1.0",
            "2021-02-11T19:35:32+0000",
            1,
            "anabcoelho",
            79695,
            "anabcoelho:narrative_1608212258873",
            "e5ae9757d1b0153a1ba49a4577771aec",
            2067,
            {}
        ]
    ],
    "provenance": [
        {
            "copied": "262/328/1",
            "copy_source_inaccessible": 0,
            "created": "2014-02-10T08:30:22+0000",
            "creator": "chenry",
            "epoch": 1392021022315,
            "extracted_ids": {},
            "info": [
                144,
                "Biolog-C-lac-N-his-l",
                "KBaseBiochem.Media-1.0",
                "2021-02-11T19:35:32+0000",
                1,
                "anabcoelho",
                79695,
                "anabcoelho:narrative_1608212258873",
                "e5ae9757d1b0153a1ba49a4577771aec",
                2067,
                {}
            ],
            "path": [
                "79695/144/1"
            ],
            "provenance": [
                {
                    "custom": {},
                    "epoch": 1371747884000,
                    "external_data": [],
                    "input_ws_objects": [],
                    "intermediate_incoming": [],
                    "intermediate_outgoing": [],
                    "method": "load_media_from_bio",
                    "method_params": [],
                    "resolved_ws_objects": [],
                    "service": "KBaseFBAModeling",
                    "service_ver": "0",
                    "subactions": [],
                    "time": "2013-06-20T17:04:44+0000"
                }
            ],
            "refs": []
        }
    ]
}