{
    "metadata": [
        [
            738,
            "Sulfate-Acetate",
            "KBaseBiochem.Media-1.0",
            "2021-08-26T02:02:28+0000",
            1,
            "anabcoelho",
            97098,
            "anabcoelho:narrative_1629295500006",
            "d9d2d4da633d8f76405fdedd74346c7b",
            2056,
            {}
        ]
    ],
    "provenance": [
        {
            "copied": "262/316/1",
            "copy_source_inaccessible": 0,
            "created": "2014-02-10T08:28:25+0000",
            "creator": "chenry",
            "epoch": 1392020905772,
            "extracted_ids": {},
            "info": [
                738,
                "Sulfate-Acetate",
                "KBaseBiochem.Media-1.0",
                "2021-08-26T02:02:28+0000",
                1,
                "anabcoelho",
                97098,
                "anabcoelho:narrative_1629295500006",
                "d9d2d4da633d8f76405fdedd74346c7b",
                2056,
                {}
            ],
            "path": [
                "97098/738/1"
            ],
            "provenance": [
                {
                    "custom": {},
                    "epoch": 1371747869000,
                    "external_data": [],
                    "input_ws_objects": [],
                    "intermediate_incoming": [],
                    "intermediate_outgoing": [],
                    "method": "load_media_from_bio",
                    "method_params": [],
                    "resolved_ws_objects": [],
                    "service": "KBaseFBAModeling",
                    "service_ver": "0",
                    "subactions": [],
                    "time": "2013-06-20T17:04:29+0000"
                }
            ],
            "refs": []
        }
    ]
}