{
    "metadata": [
        [
            60,
            "ArgonneNMSMedia",
            "KBaseBiochem.Media-1.0",
            "2021-01-28T21:13:43+0000",
            1,
            "anabcoelho",
            79695,
            "anabcoelho:narrative_1608212258873",
            "b1621d67bb3606a30b5ce718466d826e",
            4556,
            {}
        ]
    ],
    "provenance": [
        {
            "copied": "262/142/1",
            "copy_source_inaccessible": 0,
            "created": "2014-01-18T09:35:59+0000",
            "creator": "chenry",
            "epoch": 1390037759229,
            "extracted_ids": {},
            "info": [
                60,
                "ArgonneNMSMedia",
                "KBaseBiochem.Media-1.0",
                "2021-01-28T21:13:43+0000",
                1,
                "anabcoelho",
                79695,
                "anabcoelho:narrative_1608212258873",
                "b1621d67bb3606a30b5ce718466d826e",
                4556,
                {}
            ],
            "path": [
                "79695/60/1"
            ],
            "provenance": [
                {
                    "custom": {},
                    "epoch": 1371747868000,
                    "external_data": [],
                    "input_ws_objects": [],
                    "intermediate_incoming": [],
                    "intermediate_outgoing": [],
                    "method": "load_media_from_bio",
                    "method_params": [],
                    "resolved_ws_objects": [],
                    "service": "KBaseFBAModeling",
                    "service_ver": "0",
                    "subactions": [],
                    "time": "2013-06-20T17:04:28+0000"
                }
            ],
            "refs": []
        }
    ]
}