{
    "metadata": [
        [
            104,
            "Sulfate-Xylitol",
            "KBaseBiochem.Media-1.0",
            "2021-09-21T18:10:23+0000",
            1,
            "anabcoelho",
            99184,
            "anabcoelho:narrative_1632182780536",
            "8dcc37d133b5c5276874813fa7027516",
            2055,
            {}
        ]
    ],
    "provenance": [
        {
            "copied": "262/49/1",
            "copy_source_inaccessible": 0,
            "created": "2014-01-18T09:13:33+0000",
            "creator": "chenry",
            "epoch": 1390036413184,
            "extracted_ids": {},
            "info": [
                104,
                "Sulfate-Xylitol",
                "KBaseBiochem.Media-1.0",
                "2021-09-21T18:10:23+0000",
                1,
                "anabcoelho",
                99184,
                "anabcoelho:narrative_1632182780536",
                "8dcc37d133b5c5276874813fa7027516",
                2055,
                {}
            ],
            "path": [
                "99184/104/1"
            ],
            "provenance": [
                {
                    "custom": {},
                    "epoch": 1371747883000,
                    "external_data": [],
                    "input_ws_objects": [],
                    "intermediate_incoming": [],
                    "intermediate_outgoing": [],
                    "method": "load_media_from_bio",
                    "method_params": [],
                    "resolved_ws_objects": [],
                    "service": "KBaseFBAModeling",
                    "service_ver": "0",
                    "subactions": [],
                    "time": "2013-06-20T17:04:43+0000"
                }
            ],
            "refs": []
        }
    ]
}