{
    "metadata": [
        [
            355,
            "Nitrogen-L-Methionine",
            "KBaseBiochem.Media-1.0",
            "2021-08-23T01:38:15+0000",
            1,
            "anabcoelho",
            97098,
            "anabcoelho:narrative_1629295500006",
            "830254992c4281ef4ae3e9bc85fa7ac4",
            2058,
            {}
        ]
    ],
    "provenance": [
        {
            "copied": "262/293/2",
            "copy_source_inaccessible": 0,
            "created": "2014-02-10T08:25:01+0000",
            "creator": "chenry",
            "epoch": 1392020701483,
            "extracted_ids": {},
            "info": [
                355,
                "Nitrogen-L-Methionine",
                "KBaseBiochem.Media-1.0",
                "2021-08-23T01:38:15+0000",
                1,
                "anabcoelho",
                97098,
                "anabcoelho:narrative_1629295500006",
                "830254992c4281ef4ae3e9bc85fa7ac4",
                2058,
                {}
            ],
            "path": [
                "97098/355/1"
            ],
            "provenance": [
                {
                    "custom": {},
                    "epoch": 1371747849000,
                    "external_data": [],
                    "input_ws_objects": [],
                    "intermediate_incoming": [],
                    "intermediate_outgoing": [],
                    "method": "load_media_from_bio",
                    "method_params": [],
                    "resolved_ws_objects": [],
                    "service": "KBaseFBAModeling",
                    "service_ver": "0",
                    "subactions": [],
                    "time": "2013-06-20T17:04:09+0000"
                }
            ],
            "refs": []
        }
    ]
}