{
    "metadata": [
        [
            114,
            "Nitrogen-Ammonia",
            "KBaseBiochem.Media-1.0",
            "2021-08-19T15:20:26+0000",
            1,
            "anabcoelho",
            97098,
            "anabcoelho:narrative_1629295500006",
            "3cd3c5857806e5577349d6254db0bb74",
            2048,
            {}
        ]
    ],
    "provenance": [
        {
            "copied": "262/380/1",
            "copy_source_inaccessible": 0,
            "created": "2014-02-10T08:38:51+0000",
            "creator": "chenry",
            "epoch": 1392021531793,
            "extracted_ids": {},
            "info": [
                114,
                "Nitrogen-Ammonia",
                "KBaseBiochem.Media-1.0",
                "2021-08-19T15:20:26+0000",
                1,
                "anabcoelho",
                97098,
                "anabcoelho:narrative_1629295500006",
                "3cd3c5857806e5577349d6254db0bb74",
                2048,
                {}
            ],
            "path": [
                "97098/114/1"
            ],
            "provenance": [
                {
                    "custom": {},
                    "epoch": 1371747852000,
                    "external_data": [],
                    "input_ws_objects": [],
                    "intermediate_incoming": [],
                    "intermediate_outgoing": [],
                    "method": "load_media_from_bio",
                    "method_params": [],
                    "resolved_ws_objects": [],
                    "service": "KBaseFBAModeling",
                    "service_ver": "0",
                    "subactions": [],
                    "time": "2013-06-20T17:04:12+0000"
                }
            ],
            "refs": []
        }
    ]
}