{
    "metadata": [
        [
            356,
            "Nitrogen-L-Ornithine",
            "KBaseBiochem.Media-1.0",
            "2021-08-23T01:38:19+0000",
            1,
            "anabcoelho",
            97098,
            "anabcoelho:narrative_1629295500006",
            "8de2cd21681add956474a3e77958ce30",
            2055,
            {}
        ]
    ],
    "provenance": [
        {
            "copied": "262/196/1",
            "copy_source_inaccessible": 0,
            "created": "2014-01-18T09:50:58+0000",
            "creator": "chenry",
            "epoch": 1390038658359,
            "extracted_ids": {},
            "info": [
                356,
                "Nitrogen-L-Ornithine",
                "KBaseBiochem.Media-1.0",
                "2021-08-23T01:38:19+0000",
                1,
                "anabcoelho",
                97098,
                "anabcoelho:narrative_1629295500006",
                "8de2cd21681add956474a3e77958ce30",
                2055,
                {}
            ],
            "path": [
                "97098/356/1"
            ],
            "provenance": [
                {
                    "custom": {},
                    "epoch": 1371747849000,
                    "external_data": [],
                    "input_ws_objects": [],
                    "intermediate_incoming": [],
                    "intermediate_outgoing": [],
                    "method": "load_media_from_bio",
                    "method_params": [],
                    "resolved_ws_objects": [],
                    "service": "KBaseFBAModeling",
                    "service_ver": "0",
                    "subactions": [],
                    "time": "2013-06-20T17:04:09+0000"
                }
            ],
            "refs": []
        }
    ]
}