{
    "metadata": [
        [
            350,
            "Nitrogen-L-Histidine",
            "KBaseBiochem.Media-1.0",
            "2021-08-23T01:37:57+0000",
            1,
            "anabcoelho",
            97098,
            "anabcoelho:narrative_1629295500006",
            "73c33be3c8019acc4b85c2743425e096",
            2056,
            {}
        ]
    ],
    "provenance": [
        {
            "copied": "262/477/1",
            "copy_source_inaccessible": 0,
            "created": "2014-02-10T08:54:58+0000",
            "creator": "chenry",
            "epoch": 1392022498322,
            "extracted_ids": {},
            "info": [
                350,
                "Nitrogen-L-Histidine",
                "KBaseBiochem.Media-1.0",
                "2021-08-23T01:37:57+0000",
                1,
                "anabcoelho",
                97098,
                "anabcoelho:narrative_1629295500006",
                "73c33be3c8019acc4b85c2743425e096",
                2056,
                {}
            ],
            "path": [
                "97098/350/1"
            ],
            "provenance": [
                {
                    "custom": {},
                    "epoch": 1371747849000,
                    "external_data": [],
                    "input_ws_objects": [],
                    "intermediate_incoming": [],
                    "intermediate_outgoing": [],
                    "method": "load_media_from_bio",
                    "method_params": [],
                    "resolved_ws_objects": [],
                    "service": "KBaseFBAModeling",
                    "service_ver": "0",
                    "subactions": [],
                    "time": "2013-06-20T17:04:09+0000"
                }
            ],
            "refs": []
        }
    ]
}