{
    "metadata": [
        [
            83,
            "Biolog-C-cytd-N-cytd",
            "KBaseBiochem.Media-1.0",
            "2021-02-04T17:45:57+0000",
            1,
            "anabcoelho",
            79695,
            "anabcoelho:narrative_1608212258873",
            "f737a4beee12fcde21de870cec12f78c",
            1966,
            {}
        ]
    ],
    "provenance": [
        {
            "copied": "262/190/1",
            "copy_source_inaccessible": 0,
            "created": "2014-01-18T09:49:55+0000",
            "creator": "chenry",
            "epoch": 1390038595415,
            "extracted_ids": {},
            "info": [
                83,
                "Biolog-C-cytd-N-cytd",
                "KBaseBiochem.Media-1.0",
                "2021-02-04T17:45:57+0000",
                1,
                "anabcoelho",
                79695,
                "anabcoelho:narrative_1608212258873",
                "f737a4beee12fcde21de870cec12f78c",
                1966,
                {}
            ],
            "path": [
                "79695/83/1"
            ],
            "provenance": [
                {
                    "custom": {},
                    "epoch": 1371747885000,
                    "external_data": [],
                    "input_ws_objects": [],
                    "intermediate_incoming": [],
                    "intermediate_outgoing": [],
                    "method": "load_media_from_bio",
                    "method_params": [],
                    "resolved_ws_objects": [],
                    "service": "KBaseFBAModeling",
                    "service_ver": "0",
                    "subactions": [],
                    "time": "2013-06-20T17:04:45+0000"
                }
            ],
            "refs": []
        }
    ]
}