{
    "metadata": [
        [
            215,
            "Nitrogen-Guanine",
            "KBaseBiochem.Media-1.0",
            "2021-08-20T20:54:05+0000",
            1,
            "anabcoelho",
            97098,
            "anabcoelho:narrative_1629295500006",
            "672efe31f6e7c51260962e3e55e53406",
            2047,
            {}
        ]
    ],
    "provenance": [
        {
            "copied": "262/178/1",
            "copy_source_inaccessible": 0,
            "created": "2014-01-18T09:46:54+0000",
            "creator": "chenry",
            "epoch": 1390038414428,
            "extracted_ids": {},
            "info": [
                215,
                "Nitrogen-Guanine",
                "KBaseBiochem.Media-1.0",
                "2021-08-20T20:54:05+0000",
                1,
                "anabcoelho",
                97098,
                "anabcoelho:narrative_1629295500006",
                "672efe31f6e7c51260962e3e55e53406",
                2047,
                {}
            ],
            "path": [
                "97098/215/1"
            ],
            "provenance": [
                {
                    "custom": {},
                    "epoch": 1371747850000,
                    "external_data": [],
                    "input_ws_objects": [],
                    "intermediate_incoming": [],
                    "intermediate_outgoing": [],
                    "method": "load_media_from_bio",
                    "method_params": [],
                    "resolved_ws_objects": [],
                    "service": "KBaseFBAModeling",
                    "service_ver": "0",
                    "subactions": [],
                    "time": "2013-06-20T17:04:10+0000"
                }
            ],
            "refs": []
        }
    ]
}