{
    "metadata": [
        [
            137,
            "Biolog-C-lac-N-asn-l",
            "KBaseBiochem.Media-1.0",
            "2021-02-11T19:35:17+0000",
            1,
            "anabcoelho",
            79695,
            "anabcoelho:narrative_1608212258873",
            "097e3e5e611d0982cc75a09a6556e797",
            2067,
            {}
        ]
    ],
    "provenance": [
        {
            "copied": "262/443/1",
            "copy_source_inaccessible": 0,
            "created": "2014-02-10T08:49:21+0000",
            "creator": "chenry",
            "epoch": 1392022161030,
            "extracted_ids": {},
            "info": [
                137,
                "Biolog-C-lac-N-asn-l",
                "KBaseBiochem.Media-1.0",
                "2021-02-11T19:35:17+0000",
                1,
                "anabcoelho",
                79695,
                "anabcoelho:narrative_1608212258873",
                "097e3e5e611d0982cc75a09a6556e797",
                2067,
                {}
            ],
            "path": [
                "79695/137/1"
            ],
            "provenance": [
                {
                    "custom": {},
                    "epoch": 1371747884000,
                    "external_data": [],
                    "input_ws_objects": [],
                    "intermediate_incoming": [],
                    "intermediate_outgoing": [],
                    "method": "load_media_from_bio",
                    "method_params": [],
                    "resolved_ws_objects": [],
                    "service": "KBaseFBAModeling",
                    "service_ver": "0",
                    "subactions": [],
                    "time": "2013-06-20T17:04:44+0000"
                }
            ],
            "refs": []
        }
    ]
}