{
    "metadata": [
        [
            116,
            "Nitrogen-Cytidine",
            "KBaseBiochem.Media-1.0",
            "2021-08-19T15:56:35+0000",
            1,
            "anabcoelho",
            97098,
            "anabcoelho:narrative_1629295500006",
            "bf03a4acfc7b9ffb006a1c87ca822a73",
            2049,
            {}
        ]
    ],
    "provenance": [
        {
            "copied": "262/66/1",
            "copy_source_inaccessible": 0,
            "created": "2014-01-18T09:17:16+0000",
            "creator": "chenry",
            "epoch": 1390036636670,
            "extracted_ids": {},
            "info": [
                116,
                "Nitrogen-Cytidine",
                "KBaseBiochem.Media-1.0",
                "2021-08-19T15:56:35+0000",
                1,
                "anabcoelho",
                97098,
                "anabcoelho:narrative_1629295500006",
                "bf03a4acfc7b9ffb006a1c87ca822a73",
                2049,
                {}
            ],
            "path": [
                "97098/116/1"
            ],
            "provenance": [
                {
                    "custom": {},
                    "epoch": 1371747852000,
                    "external_data": [],
                    "input_ws_objects": [],
                    "intermediate_incoming": [],
                    "intermediate_outgoing": [],
                    "method": "load_media_from_bio",
                    "method_params": [],
                    "resolved_ws_objects": [],
                    "service": "KBaseFBAModeling",
                    "service_ver": "0",
                    "subactions": [],
                    "time": "2013-06-20T17:04:12+0000"
                }
            ],
            "refs": []
        }
    ]
}