{
    "metadata": [
        [
            113,
            "Nitrogen-Allantoin",
            "KBaseBiochem.Media-1.0",
            "2021-08-19T15:20:24+0000",
            1,
            "anabcoelho",
            97098,
            "anabcoelho:narrative_1629295500006",
            "c4f22aaffa9a3b26d2dd3f5fa7fc5078",
            2052,
            {}
        ]
    ],
    "provenance": [
        {
            "copied": "262/359/1",
            "copy_source_inaccessible": 0,
            "created": "2014-02-10T08:35:24+0000",
            "creator": "chenry",
            "epoch": 1392021324676,
            "extracted_ids": {},
            "info": [
                113,
                "Nitrogen-Allantoin",
                "KBaseBiochem.Media-1.0",
                "2021-08-19T15:20:24+0000",
                1,
                "anabcoelho",
                97098,
                "anabcoelho:narrative_1629295500006",
                "c4f22aaffa9a3b26d2dd3f5fa7fc5078",
                2052,
                {}
            ],
            "path": [
                "97098/113/1"
            ],
            "provenance": [
                {
                    "custom": {},
                    "epoch": 1371747853000,
                    "external_data": [],
                    "input_ws_objects": [],
                    "intermediate_incoming": [],
                    "intermediate_outgoing": [],
                    "method": "load_media_from_bio",
                    "method_params": [],
                    "resolved_ws_objects": [],
                    "service": "KBaseFBAModeling",
                    "service_ver": "0",
                    "subactions": [],
                    "time": "2013-06-20T17:04:13+0000"
                }
            ],
            "refs": []
        }
    ]
}