{
    "metadata": [
        [
            344,
            "Sulfate-sorbate",
            "KBaseBiochem.Media-1.0",
            "2021-09-10T02:31:54+0000",
            1,
            "anabcoelho",
            98416,
            "anabcoelho:narrative_1631138337034",
            "7fc4008eb7417631636f64cad6459616",
            2056,
            {}
        ]
    ],
    "provenance": [
        {
            "copied": "262/433/1",
            "copy_source_inaccessible": 0,
            "created": "2014-02-10T08:47:38+0000",
            "creator": "chenry",
            "epoch": 1392022058560,
            "extracted_ids": {},
            "info": [
                344,
                "Sulfate-sorbate",
                "KBaseBiochem.Media-1.0",
                "2021-09-10T02:31:54+0000",
                1,
                "anabcoelho",
                98416,
                "anabcoelho:narrative_1631138337034",
                "7fc4008eb7417631636f64cad6459616",
                2056,
                {}
            ],
            "path": [
                "98416/344/1"
            ],
            "provenance": [
                {
                    "custom": {},
                    "epoch": 1371747881000,
                    "external_data": [],
                    "input_ws_objects": [],
                    "intermediate_incoming": [],
                    "intermediate_outgoing": [],
                    "method": "load_media_from_bio",
                    "method_params": [],
                    "resolved_ws_objects": [],
                    "service": "KBaseFBAModeling",
                    "service_ver": "0",
                    "subactions": [],
                    "time": "2013-06-20T17:04:41+0000"
                }
            ],
            "refs": []
        }
    ]
}