{
    "metadata": [
        [
            198,
            "Nitrogen-D-Aspartic-Acid",
            "KBaseBiochem.Media-1.0",
            "2021-08-20T20:52:54+0000",
            1,
            "anabcoelho",
            97098,
            "anabcoelho:narrative_1629295500006",
            "8f7ae690532a5327d00110287c63c0a3",
            2064,
            {}
        ]
    ],
    "provenance": [
        {
            "copied": "262/343/1",
            "copy_source_inaccessible": 0,
            "created": "2014-02-10T08:32:50+0000",
            "creator": "chenry",
            "epoch": 1392021170647,
            "extracted_ids": {},
            "info": [
                198,
                "Nitrogen-D-Aspartic-Acid",
                "KBaseBiochem.Media-1.0",
                "2021-08-20T20:52:54+0000",
                1,
                "anabcoelho",
                97098,
                "anabcoelho:narrative_1629295500006",
                "8f7ae690532a5327d00110287c63c0a3",
                2064,
                {}
            ],
            "path": [
                "97098/198/1"
            ],
            "provenance": [
                {
                    "custom": {},
                    "epoch": 1377532716000,
                    "external_data": [],
                    "input_ws_objects": [],
                    "intermediate_incoming": [],
                    "intermediate_outgoing": [],
                    "method": "move_object",
                    "method_params": [],
                    "resolved_ws_objects": [],
                    "service": "KBaseFBAModeling",
                    "service_ver": "0",
                    "subactions": [],
                    "time": "2013-08-26T15:58:36+0000"
                }
            ],
            "refs": []
        }
    ]
}