{
    "metadata": [
        [
            1099,
            "Sulfate-D-Glucuronate",
            "KBaseBiochem.Media-1.0",
            "2021-08-31T21:03:11+0000",
            1,
            "anabcoelho",
            97098,
            "anabcoelho:narrative_1629295500006",
            "8cf54e66a67c6c1fb0143d370f7e11d4",
            2068,
            {}
        ]
    ],
    "provenance": [
        {
            "copied": "262/240/2",
            "copy_source_inaccessible": 0,
            "created": "2014-02-10T08:16:17+0000",
            "creator": "chenry",
            "epoch": 1392020177106,
            "extracted_ids": {},
            "info": [
                1099,
                "Sulfate-D-Glucuronate",
                "KBaseBiochem.Media-1.0",
                "2021-08-31T21:03:11+0000",
                1,
                "anabcoelho",
                97098,
                "anabcoelho:narrative_1629295500006",
                "8cf54e66a67c6c1fb0143d370f7e11d4",
                2068,
                {}
            ],
            "path": [
                "97098/1099/1"
            ],
            "provenance": [
                {
                    "custom": {},
                    "epoch": 1371747873000,
                    "external_data": [],
                    "input_ws_objects": [],
                    "intermediate_incoming": [],
                    "intermediate_outgoing": [],
                    "method": "load_media_from_bio",
                    "method_params": [],
                    "resolved_ws_objects": [],
                    "service": "KBaseFBAModeling",
                    "service_ver": "0",
                    "subactions": [],
                    "time": "2013-06-20T17:04:33+0000"
                }
            ],
            "refs": []
        }
    ]
}