{
    "metadata": [
        [
            207,
            "Nitrogen-Ethanolamine",
            "KBaseBiochem.Media-1.0",
            "2021-08-20T20:53:22+0000",
            1,
            "anabcoelho",
            97098,
            "anabcoelho:narrative_1629295500006",
            "d950fccff9e9d95f954ca28f6dcc47ee",
            2058,
            {}
        ]
    ],
    "provenance": [
        {
            "copied": "262/245/2",
            "copy_source_inaccessible": 0,
            "created": "2014-02-10T08:16:56+0000",
            "creator": "chenry",
            "epoch": 1392020216648,
            "extracted_ids": {},
            "info": [
                207,
                "Nitrogen-Ethanolamine",
                "KBaseBiochem.Media-1.0",
                "2021-08-20T20:53:22+0000",
                1,
                "anabcoelho",
                97098,
                "anabcoelho:narrative_1629295500006",
                "d950fccff9e9d95f954ca28f6dcc47ee",
                2058,
                {}
            ],
            "path": [
                "97098/207/1"
            ],
            "provenance": [
                {
                    "custom": {},
                    "epoch": 1371747851000,
                    "external_data": [],
                    "input_ws_objects": [],
                    "intermediate_incoming": [],
                    "intermediate_outgoing": [],
                    "method": "load_media_from_bio",
                    "method_params": [],
                    "resolved_ws_objects": [],
                    "service": "KBaseFBAModeling",
                    "service_ver": "0",
                    "subactions": [],
                    "time": "2013-06-20T17:04:11+0000"
                }
            ],
            "refs": []
        }
    ]
}