{
    "metadata": [
        [
            337,
            "Sulfate-Urea",
            "KBaseBiochem.Media-1.0",
            "2021-09-10T02:31:18+0000",
            1,
            "anabcoelho",
            98416,
            "anabcoelho:narrative_1631138337034",
            "3126dac5accb6d6e8d184a1301683bef",
            2050,
            {}
        ]
    ],
    "provenance": [
        {
            "copied": "262/431/1",
            "copy_source_inaccessible": 0,
            "created": "2014-02-10T08:47:19+0000",
            "creator": "chenry",
            "epoch": 1392022039646,
            "extracted_ids": {},
            "info": [
                337,
                "Sulfate-Urea",
                "KBaseBiochem.Media-1.0",
                "2021-09-10T02:31:18+0000",
                1,
                "anabcoelho",
                98416,
                "anabcoelho:narrative_1631138337034",
                "3126dac5accb6d6e8d184a1301683bef",
                2050,
                {}
            ],
            "path": [
                "98416/337/1"
            ],
            "provenance": [
                {
                    "custom": {},
                    "epoch": 1371747883000,
                    "external_data": [],
                    "input_ws_objects": [],
                    "intermediate_incoming": [],
                    "intermediate_outgoing": [],
                    "method": "load_media_from_bio",
                    "method_params": [],
                    "resolved_ws_objects": [],
                    "service": "KBaseFBAModeling",
                    "service_ver": "0",
                    "subactions": [],
                    "time": "2013-06-20T17:04:43+0000"
                }
            ],
            "refs": []
        }
    ]
}