{
    "metadata": [
        [
            42,
            "Sulfate-N-Acetyl-L-Cysteine",
            "KBaseBiochem.Media-1.0",
            "2021-09-08T22:28:32+0000",
            1,
            "anabcoelho",
            98416,
            "anabcoelho:narrative_1631138337034",
            "7ef120dfb00d01b0f86d78350b58643f",
            2072,
            {}
        ]
    ],
    "provenance": [
        {
            "copied": "262/508/1",
            "copy_source_inaccessible": 0,
            "created": "2014-02-10T09:00:08+0000",
            "creator": "chenry",
            "epoch": 1392022808830,
            "extracted_ids": {},
            "info": [
                42,
                "Sulfate-N-Acetyl-L-Cysteine",
                "KBaseBiochem.Media-1.0",
                "2021-09-08T22:28:32+0000",
                1,
                "anabcoelho",
                98416,
                "anabcoelho:narrative_1631138337034",
                "7ef120dfb00d01b0f86d78350b58643f",
                2072,
                {}
            ],
            "path": [
                "98416/42/1"
            ],
            "provenance": [
                {
                    "custom": {},
                    "epoch": 1371747880000,
                    "external_data": [],
                    "input_ws_objects": [],
                    "intermediate_incoming": [],
                    "intermediate_outgoing": [],
                    "method": "load_media_from_bio",
                    "method_params": [],
                    "resolved_ws_objects": [],
                    "service": "KBaseFBAModeling",
                    "service_ver": "0",
                    "subactions": [],
                    "time": "2013-06-20T17:04:40+0000"
                }
            ],
            "refs": []
        }
    ]
}