{
    "metadata": [
        [
            342,
            "Sulfate-b-Methyl-D-Glucoside",
            "KBaseBiochem.Media-1.0",
            "2021-09-10T02:31:39+0000",
            1,
            "anabcoelho",
            98416,
            "anabcoelho:narrative_1631138337034",
            "6391e9df54fc7e8ea8569f032b6fb86a",
            2082,
            {}
        ]
    ],
    "provenance": [
        {
            "copied": "262/461/1",
            "copy_source_inaccessible": 0,
            "created": "2014-02-10T08:52:19+0000",
            "creator": "chenry",
            "epoch": 1392022339048,
            "extracted_ids": {},
            "info": [
                342,
                "Sulfate-b-Methyl-D-Glucoside",
                "KBaseBiochem.Media-1.0",
                "2021-09-10T02:31:39+0000",
                1,
                "anabcoelho",
                98416,
                "anabcoelho:narrative_1631138337034",
                "6391e9df54fc7e8ea8569f032b6fb86a",
                2082,
                {}
            ],
            "path": [
                "98416/342/1"
            ],
            "provenance": [
                {
                    "custom": {},
                    "epoch": 1371747870000,
                    "external_data": [],
                    "input_ws_objects": [],
                    "intermediate_incoming": [],
                    "intermediate_outgoing": [],
                    "method": "load_media_from_bio",
                    "method_params": [],
                    "resolved_ws_objects": [],
                    "service": "KBaseFBAModeling",
                    "service_ver": "0",
                    "subactions": [],
                    "time": "2013-06-20T17:04:30+0000"
                }
            ],
            "refs": []
        }
    ]
}