{
    "metadata": [
        [
            317,
            "Sulfate-Ribitol",
            "KBaseBiochem.Media-1.0",
            "2021-09-10T02:29:46+0000",
            1,
            "anabcoelho",
            98416,
            "anabcoelho:narrative_1631138337034",
            "41357bb974bb9c5a18589009aa0e0f62",
            2056,
            {}
        ]
    ],
    "provenance": [
        {
            "copied": "262/259/2",
            "copy_source_inaccessible": 0,
            "created": "2014-02-10T08:19:20+0000",
            "creator": "chenry",
            "epoch": 1392020360824,
            "extracted_ids": {},
            "info": [
                317,
                "Sulfate-Ribitol",
                "KBaseBiochem.Media-1.0",
                "2021-09-10T02:29:46+0000",
                1,
                "anabcoelho",
                98416,
                "anabcoelho:narrative_1631138337034",
                "41357bb974bb9c5a18589009aa0e0f62",
                2056,
                {}
            ],
            "path": [
                "98416/317/1"
            ],
            "provenance": [
                {
                    "custom": {},
                    "epoch": 1371747881000,
                    "external_data": [],
                    "input_ws_objects": [],
                    "intermediate_incoming": [],
                    "intermediate_outgoing": [],
                    "method": "load_media_from_bio",
                    "method_params": [],
                    "resolved_ws_objects": [],
                    "service": "KBaseFBAModeling",
                    "service_ver": "0",
                    "subactions": [],
                    "time": "2013-06-20T17:04:41+0000"
                }
            ],
            "refs": []
        }
    ]
}