{
    "metadata": [
        [
            1096,
            "Sulfate-D-Glucarate",
            "KBaseBiochem.Media-1.0",
            "2021-08-31T21:02:45+0000",
            1,
            "anabcoelho",
            97098,
            "anabcoelho:narrative_1629295500006",
            "9dc6776064c23eb1eabcf8b8c1b6b261",
            2063,
            {}
        ]
    ],
    "provenance": [
        {
            "copied": "262/94/1",
            "copy_source_inaccessible": 0,
            "created": "2014-01-18T09:23:41+0000",
            "creator": "chenry",
            "epoch": 1390037021074,
            "extracted_ids": {},
            "info": [
                1096,
                "Sulfate-D-Glucarate",
                "KBaseBiochem.Media-1.0",
                "2021-08-31T21:02:45+0000",
                1,
                "anabcoelho",
                97098,
                "anabcoelho:narrative_1629295500006",
                "9dc6776064c23eb1eabcf8b8c1b6b261",
                2063,
                {}
            ],
            "path": [
                "97098/1096/1"
            ],
            "provenance": [
                {
                    "custom": {},
                    "epoch": 1371747872000,
                    "external_data": [],
                    "input_ws_objects": [],
                    "intermediate_incoming": [],
                    "intermediate_outgoing": [],
                    "method": "load_media_from_bio",
                    "method_params": [],
                    "resolved_ws_objects": [],
                    "service": "KBaseFBAModeling",
                    "service_ver": "0",
                    "subactions": [],
                    "time": "2013-06-20T17:04:32+0000"
                }
            ],
            "refs": []
        }
    ]
}