{
    "metadata": [
        [
            117,
            "Nitrogen-Cytosine",
            "KBaseBiochem.Media-1.0",
            "2021-08-19T15:56:37+0000",
            1,
            "anabcoelho",
            97098,
            "anabcoelho:narrative_1629295500006",
            "25501f56bc24b67724ba34976d60fa5c",
            2050,
            {}
        ]
    ],
    "provenance": [
        {
            "copied": "262/438/1",
            "copy_source_inaccessible": 0,
            "created": "2014-02-10T08:48:31+0000",
            "creator": "chenry",
            "epoch": 1392022111904,
            "extracted_ids": {},
            "info": [
                117,
                "Nitrogen-Cytosine",
                "KBaseBiochem.Media-1.0",
                "2021-08-19T15:56:37+0000",
                1,
                "anabcoelho",
                97098,
                "anabcoelho:narrative_1629295500006",
                "25501f56bc24b67724ba34976d60fa5c",
                2050,
                {}
            ],
            "path": [
                "97098/117/1"
            ],
            "provenance": [
                {
                    "custom": {},
                    "epoch": 1371747852000,
                    "external_data": [],
                    "input_ws_objects": [],
                    "intermediate_incoming": [],
                    "intermediate_outgoing": [],
                    "method": "load_media_from_bio",
                    "method_params": [],
                    "resolved_ws_objects": [],
                    "service": "KBaseFBAModeling",
                    "service_ver": "0",
                    "subactions": [],
                    "time": "2013-06-20T17:04:12+0000"
                }
            ],
            "refs": []
        }
    ]
}