{
    "metadata": [
        [
            1305,
            "Sulfate-L-Alanine",
            "KBaseBiochem.Media-1.0",
            "2021-09-06T23:11:54+0000",
            1,
            "anabcoelho",
            97098,
            "anabcoelho:narrative_1629295500006",
            "70721fa8217f651bf1b29dc87b48a10c",
            2060,
            {}
        ]
    ],
    "provenance": [
        {
            "copied": "262/263/2",
            "copy_source_inaccessible": 0,
            "created": "2014-02-10T08:19:59+0000",
            "creator": "chenry",
            "epoch": 1392020399046,
            "extracted_ids": {},
            "info": [
                1305,
                "Sulfate-L-Alanine",
                "KBaseBiochem.Media-1.0",
                "2021-09-06T23:11:54+0000",
                1,
                "anabcoelho",
                97098,
                "anabcoelho:narrative_1629295500006",
                "70721fa8217f651bf1b29dc87b48a10c",
                2060,
                {}
            ],
            "path": [
                "97098/1305/1"
            ],
            "provenance": [
                {
                    "custom": {},
                    "epoch": 1371747876000,
                    "external_data": [],
                    "input_ws_objects": [],
                    "intermediate_incoming": [],
                    "intermediate_outgoing": [],
                    "method": "load_media_from_bio",
                    "method_params": [],
                    "resolved_ws_objects": [],
                    "service": "KBaseFBAModeling",
                    "service_ver": "0",
                    "subactions": [],
                    "time": "2013-06-20T17:04:36+0000"
                }
            ],
            "refs": []
        }
    ]
}