{
    "metadata": [
        [
            327,
            "Sulfate-Taurocholic-Acid",
            "KBaseBiochem.Media-1.0",
            "2021-09-10T02:30:32+0000",
            1,
            "anabcoelho",
            98416,
            "anabcoelho:narrative_1631138337034",
            "8c1499dae10755ba4f669fdd79657260",
            2064,
            {}
        ]
    ],
    "provenance": [
        {
            "copied": "262/409/1",
            "copy_source_inaccessible": 0,
            "created": "2014-02-10T08:43:41+0000",
            "creator": "chenry",
            "epoch": 1392021821827,
            "extracted_ids": {},
            "info": [
                327,
                "Sulfate-Taurocholic-Acid",
                "KBaseBiochem.Media-1.0",
                "2021-09-10T02:30:32+0000",
                1,
                "anabcoelho",
                98416,
                "anabcoelho:narrative_1631138337034",
                "8c1499dae10755ba4f669fdd79657260",
                2064,
                {}
            ],
            "path": [
                "98416/327/1"
            ],
            "provenance": [
                {
                    "custom": {},
                    "epoch": 1377532796000,
                    "external_data": [],
                    "input_ws_objects": [],
                    "intermediate_incoming": [],
                    "intermediate_outgoing": [],
                    "method": "move_object",
                    "method_params": [],
                    "resolved_ws_objects": [],
                    "service": "KBaseFBAModeling",
                    "service_ver": "0",
                    "subactions": [],
                    "time": "2013-08-26T15:59:56+0000"
                }
            ],
            "refs": []
        }
    ]
}