{
    "metadata": [
        [
            108,
            "Nitrogen-Ala-Glu",
            "KBaseBiochem.Media-1.0",
            "2021-08-19T15:20:13+0000",
            1,
            "anabcoelho",
            97098,
            "anabcoelho:narrative_1629295500006",
            "d205187f60f4ba3678b6858909aefb66",
            2047,
            {}
        ]
    ],
    "provenance": [
        {
            "copied": "262/100/1",
            "copy_source_inaccessible": 0,
            "created": "2014-01-18T09:24:56+0000",
            "creator": "chenry",
            "epoch": 1390037096625,
            "extracted_ids": {},
            "info": [
                108,
                "Nitrogen-Ala-Glu",
                "KBaseBiochem.Media-1.0",
                "2021-08-19T15:20:13+0000",
                1,
                "anabcoelho",
                97098,
                "anabcoelho:narrative_1629295500006",
                "d205187f60f4ba3678b6858909aefb66",
                2047,
                {}
            ],
            "path": [
                "97098/108/1"
            ],
            "provenance": [
                {
                    "custom": {},
                    "epoch": 1371747853000,
                    "external_data": [],
                    "input_ws_objects": [],
                    "intermediate_incoming": [],
                    "intermediate_outgoing": [],
                    "method": "load_media_from_bio",
                    "method_params": [],
                    "resolved_ws_objects": [],
                    "service": "KBaseFBAModeling",
                    "service_ver": "0",
                    "subactions": [],
                    "time": "2013-06-20T17:04:13+0000"
                }
            ],
            "refs": []
        }
    ]
}