{
    "metadata": [
        [
            1116,
            "Sulfate-Ethylamine",
            "KBaseBiochem.Media-1.0",
            "2021-08-31T21:04:47+0000",
            1,
            "anabcoelho",
            97098,
            "anabcoelho:narrative_1629295500006",
            "55a7ab8bc3f3a8694e4b558f2bc254cc",
            2061,
            {}
        ]
    ],
    "provenance": [
        {
            "copied": "262/208/1",
            "copy_source_inaccessible": 0,
            "created": "2014-01-18T09:53:55+0000",
            "creator": "chenry",
            "epoch": 1390038835953,
            "extracted_ids": {},
            "info": [
                1116,
                "Sulfate-Ethylamine",
                "KBaseBiochem.Media-1.0",
                "2021-08-31T21:04:47+0000",
                1,
                "anabcoelho",
                97098,
                "anabcoelho:narrative_1629295500006",
                "55a7ab8bc3f3a8694e4b558f2bc254cc",
                2061,
                {}
            ],
            "path": [
                "97098/1116/1"
            ],
            "provenance": [
                {
                    "custom": {},
                    "epoch": 1371747874000,
                    "external_data": [],
                    "input_ws_objects": [],
                    "intermediate_incoming": [],
                    "intermediate_outgoing": [],
                    "method": "load_media_from_bio",
                    "method_params": [],
                    "resolved_ws_objects": [],
                    "service": "KBaseFBAModeling",
                    "service_ver": "0",
                    "subactions": [],
                    "time": "2013-06-20T17:04:34+0000"
                }
            ],
            "refs": []
        }
    ]
}