{
    "metadata": [
        [
            1313,
            "Sulfate-L-Cysteine",
            "KBaseBiochem.Media-1.0",
            "2021-09-06T23:12:50+0000",
            1,
            "anabcoelho",
            97098,
            "anabcoelho:narrative_1629295500006",
            "8bddd2210b459f197cd3fd95b76d137a",
            2052,
            {}
        ]
    ],
    "provenance": [
        {
            "copied": "262/439/1",
            "copy_source_inaccessible": 0,
            "created": "2014-02-10T08:48:41+0000",
            "creator": "chenry",
            "epoch": 1392022121762,
            "extracted_ids": {},
            "info": [
                1313,
                "Sulfate-L-Cysteine",
                "KBaseBiochem.Media-1.0",
                "2021-09-06T23:12:50+0000",
                1,
                "anabcoelho",
                97098,
                "anabcoelho:narrative_1629295500006",
                "8bddd2210b459f197cd3fd95b76d137a",
                2052,
                {}
            ],
            "path": [
                "97098/1313/1"
            ],
            "provenance": [
                {
                    "custom": {},
                    "epoch": 1371747876000,
                    "external_data": [],
                    "input_ws_objects": [],
                    "intermediate_incoming": [],
                    "intermediate_outgoing": [],
                    "method": "load_media_from_bio",
                    "method_params": [],
                    "resolved_ws_objects": [],
                    "service": "KBaseFBAModeling",
                    "service_ver": "0",
                    "subactions": [],
                    "time": "2013-06-20T17:04:36+0000"
                }
            ],
            "refs": []
        }
    ]
}