{
    "metadata": [
        [
            1296,
            "Sulfate-Glycerol",
            "KBaseBiochem.Media-1.0",
            "2021-09-06T23:10:10+0000",
            1,
            "anabcoelho",
            97098,
            "anabcoelho:narrative_1629295500006",
            "3f5da25b7ac35bb8baea42b29d56184a",
            2058,
            {}
        ]
    ],
    "provenance": [
        {
            "copied": "262/315/1",
            "copy_source_inaccessible": 0,
            "created": "2014-02-10T08:28:16+0000",
            "creator": "chenry",
            "epoch": 1392020896429,
            "extracted_ids": {},
            "info": [
                1296,
                "Sulfate-Glycerol",
                "KBaseBiochem.Media-1.0",
                "2021-09-06T23:10:10+0000",
                1,
                "anabcoelho",
                97098,
                "anabcoelho:narrative_1629295500006",
                "3f5da25b7ac35bb8baea42b29d56184a",
                2058,
                {}
            ],
            "path": [
                "97098/1296/1"
            ],
            "provenance": [
                {
                    "custom": {},
                    "epoch": 1371747875000,
                    "external_data": [],
                    "input_ws_objects": [],
                    "intermediate_incoming": [],
                    "intermediate_outgoing": [],
                    "method": "load_media_from_bio",
                    "method_params": [],
                    "resolved_ws_objects": [],
                    "service": "KBaseFBAModeling",
                    "service_ver": "0",
                    "subactions": [],
                    "time": "2013-06-20T17:04:35+0000"
                }
            ],
            "refs": []
        }
    ]
}