{
    "metadata": [
        [
            37,
            "Sulfate-Methylamine",
            "KBaseBiochem.Media-1.0",
            "2021-09-08T22:19:42+0000",
            1,
            "anabcoelho",
            98416,
            "anabcoelho:narrative_1631138337034",
            "80b23703d3522601a3cc159df77bac9b",
            2064,
            {}
        ]
    ],
    "provenance": [
        {
            "copied": "262/397/1",
            "copy_source_inaccessible": 0,
            "created": "2014-02-10T08:41:42+0000",
            "creator": "chenry",
            "epoch": 1392021702198,
            "extracted_ids": {},
            "info": [
                37,
                "Sulfate-Methylamine",
                "KBaseBiochem.Media-1.0",
                "2021-09-08T22:19:42+0000",
                1,
                "anabcoelho",
                98416,
                "anabcoelho:narrative_1631138337034",
                "80b23703d3522601a3cc159df77bac9b",
                2064,
                {}
            ],
            "path": [
                "98416/37/1"
            ],
            "provenance": [
                {
                    "custom": {},
                    "epoch": 1371747879000,
                    "external_data": [],
                    "input_ws_objects": [],
                    "intermediate_incoming": [],
                    "intermediate_outgoing": [],
                    "method": "load_media_from_bio",
                    "method_params": [],
                    "resolved_ws_objects": [],
                    "service": "KBaseFBAModeling",
                    "service_ver": "0",
                    "subactions": [],
                    "time": "2013-06-20T17:04:39+0000"
                }
            ],
            "refs": []
        }
    ]
}