{
    "metadata": [
        [
            1107,
            "Sulfate-D-Ribose",
            "KBaseBiochem.Media-1.0",
            "2021-08-31T21:03:52+0000",
            1,
            "anabcoelho",
            97098,
            "anabcoelho:narrative_1629295500006",
            "9b503cee1925c725b7f324eb8f6d9009",
            2058,
            {}
        ]
    ],
    "provenance": [
        {
            "copied": "262/291/2",
            "copy_source_inaccessible": 0,
            "created": "2014-02-10T08:24:41+0000",
            "creator": "chenry",
            "epoch": 1392020681540,
            "extracted_ids": {},
            "info": [
                1107,
                "Sulfate-D-Ribose",
                "KBaseBiochem.Media-1.0",
                "2021-08-31T21:03:52+0000",
                1,
                "anabcoelho",
                97098,
                "anabcoelho:narrative_1629295500006",
                "9b503cee1925c725b7f324eb8f6d9009",
                2058,
                {}
            ],
            "path": [
                "97098/1107/1"
            ],
            "provenance": [
                {
                    "custom": {},
                    "epoch": 1371747873000,
                    "external_data": [],
                    "input_ws_objects": [],
                    "intermediate_incoming": [],
                    "intermediate_outgoing": [],
                    "method": "load_media_from_bio",
                    "method_params": [],
                    "resolved_ws_objects": [],
                    "service": "KBaseFBAModeling",
                    "service_ver": "0",
                    "subactions": [],
                    "time": "2013-06-20T17:04:33+0000"
                }
            ],
            "refs": []
        }
    ]
}