{
    "metadata": [
        [
            330,
            "Sulfate-Thiourea",
            "KBaseBiochem.Media-1.0",
            "2021-09-10T02:30:41+0000",
            1,
            "anabcoelho",
            98416,
            "anabcoelho:narrative_1631138337034",
            "e40cfae88c996e9aa964e03a298521b8",
            2048,
            {}
        ]
    ],
    "provenance": [
        {
            "copied": "262/482/1",
            "copy_source_inaccessible": 0,
            "created": "2014-02-10T08:55:51+0000",
            "creator": "chenry",
            "epoch": 1392022551810,
            "extracted_ids": {},
            "info": [
                330,
                "Sulfate-Thiourea",
                "KBaseBiochem.Media-1.0",
                "2021-09-10T02:30:41+0000",
                1,
                "anabcoelho",
                98416,
                "anabcoelho:narrative_1631138337034",
                "e40cfae88c996e9aa964e03a298521b8",
                2048,
                {}
            ],
            "path": [
                "98416/330/1"
            ],
            "provenance": [
                {
                    "custom": {},
                    "epoch": 1371747882000,
                    "external_data": [],
                    "input_ws_objects": [],
                    "intermediate_incoming": [],
                    "intermediate_outgoing": [],
                    "method": "load_media_from_bio",
                    "method_params": [],
                    "resolved_ws_objects": [],
                    "service": "KBaseFBAModeling",
                    "service_ver": "0",
                    "subactions": [],
                    "time": "2013-06-20T17:04:42+0000"
                }
            ],
            "refs": []
        }
    ]
}