{
    "metadata": [
        [
            1310,
            "Sulfate-L-Aspartate",
            "KBaseBiochem.Media-1.0",
            "2021-09-06T23:12:35+0000",
            1,
            "anabcoelho",
            97098,
            "anabcoelho:narrative_1629295500006",
            "52db8e48df5968c4428893ea316d4ad1",
            2063,
            {}
        ]
    ],
    "provenance": [
        {
            "copied": "262/167/1",
            "copy_source_inaccessible": 0,
            "created": "2014-01-18T09:44:37+0000",
            "creator": "chenry",
            "epoch": 1390038277407,
            "extracted_ids": {},
            "info": [
                1310,
                "Sulfate-L-Aspartate",
                "KBaseBiochem.Media-1.0",
                "2021-09-06T23:12:35+0000",
                1,
                "anabcoelho",
                97098,
                "anabcoelho:narrative_1629295500006",
                "52db8e48df5968c4428893ea316d4ad1",
                2063,
                {}
            ],
            "path": [
                "97098/1310/1"
            ],
            "provenance": [
                {
                    "custom": {},
                    "epoch": 1371747876000,
                    "external_data": [],
                    "input_ws_objects": [],
                    "intermediate_incoming": [],
                    "intermediate_outgoing": [],
                    "method": "load_media_from_bio",
                    "method_params": [],
                    "resolved_ws_objects": [],
                    "service": "KBaseFBAModeling",
                    "service_ver": "0",
                    "subactions": [],
                    "time": "2013-06-20T17:04:36+0000"
                }
            ],
            "refs": []
        }
    ]
}