{
    "metadata": [
        [
            737,
            "Sulfate-Acetamide",
            "KBaseBiochem.Media-1.0",
            "2021-08-26T02:02:26+0000",
            1,
            "anabcoelho",
            97098,
            "anabcoelho:narrative_1629295500006",
            "82cf16848b8596a48a39d4307786ff5f",
            2059,
            {}
        ]
    ],
    "provenance": [
        {
            "copied": "262/58/1",
            "copy_source_inaccessible": 0,
            "created": "2014-01-18T09:15:24+0000",
            "creator": "chenry",
            "epoch": 1390036524007,
            "extracted_ids": {},
            "info": [
                737,
                "Sulfate-Acetamide",
                "KBaseBiochem.Media-1.0",
                "2021-08-26T02:02:26+0000",
                1,
                "anabcoelho",
                97098,
                "anabcoelho:narrative_1629295500006",
                "82cf16848b8596a48a39d4307786ff5f",
                2059,
                {}
            ],
            "path": [
                "97098/737/1"
            ],
            "provenance": [
                {
                    "custom": {},
                    "epoch": 1371747869000,
                    "external_data": [],
                    "input_ws_objects": [],
                    "intermediate_incoming": [],
                    "intermediate_outgoing": [],
                    "method": "load_media_from_bio",
                    "method_params": [],
                    "resolved_ws_objects": [],
                    "service": "KBaseFBAModeling",
                    "service_ver": "0",
                    "subactions": [],
                    "time": "2013-06-20T17:04:29+0000"
                }
            ],
            "refs": []
        }
    ]
}