{
    "metadata": [
        [
            113,
            "Biolog-C-ile-l-N-ile-l",
            "KBaseBiochem.Media-1.0",
            "2021-02-04T22:36:41+0000",
            1,
            "anabcoelho",
            79695,
            "anabcoelho:narrative_1608212258873",
            "980b94f109ae4cad290f5754c026670e",
            1970,
            {}
        ]
    ],
    "provenance": [
        {
            "copied": "262/133/1",
            "copy_source_inaccessible": 0,
            "created": "2014-01-18T09:33:33+0000",
            "creator": "chenry",
            "epoch": 1390037613393,
            "extracted_ids": {},
            "info": [
                113,
                "Biolog-C-ile-l-N-ile-l",
                "KBaseBiochem.Media-1.0",
                "2021-02-04T22:36:41+0000",
                1,
                "anabcoelho",
                79695,
                "anabcoelho:narrative_1608212258873",
                "980b94f109ae4cad290f5754c026670e",
                1970,
                {}
            ],
            "path": [
                "79695/113/1"
            ],
            "provenance": [
                {
                    "custom": {},
                    "epoch": 1371747886000,
                    "external_data": [],
                    "input_ws_objects": [],
                    "intermediate_incoming": [],
                    "intermediate_outgoing": [],
                    "method": "load_media_from_bio",
                    "method_params": [],
                    "resolved_ws_objects": [],
                    "service": "KBaseFBAModeling",
                    "service_ver": "0",
                    "subactions": [],
                    "time": "2013-06-20T17:04:46+0000"
                }
            ],
            "refs": []
        }
    ]
}