{
    "metadata": [
        [
            736,
            "Sulfate-6-Deoxy-L-galactose",
            "KBaseBiochem.Media-1.0",
            "2021-08-26T02:02:25+0000",
            1,
            "anabcoelho",
            97098,
            "anabcoelho:narrative_1629295500006",
            "2298def256dcdf7f176e299305296eef",
            2080,
            {}
        ]
    ],
    "provenance": [
        {
            "copied": "262/255/2",
            "copy_source_inaccessible": 0,
            "created": "2014-02-10T08:18:34+0000",
            "creator": "chenry",
            "epoch": 1392020314623,
            "extracted_ids": {},
            "info": [
                736,
                "Sulfate-6-Deoxy-L-galactose",
                "KBaseBiochem.Media-1.0",
                "2021-08-26T02:02:25+0000",
                1,
                "anabcoelho",
                97098,
                "anabcoelho:narrative_1629295500006",
                "2298def256dcdf7f176e299305296eef",
                2080,
                {}
            ],
            "path": [
                "97098/736/1"
            ],
            "provenance": [
                {
                    "custom": {},
                    "epoch": 1371747869000,
                    "external_data": [],
                    "input_ws_objects": [],
                    "intermediate_incoming": [],
                    "intermediate_outgoing": [],
                    "method": "load_media_from_bio",
                    "method_params": [],
                    "resolved_ws_objects": [],
                    "service": "KBaseFBAModeling",
                    "service_ver": "0",
                    "subactions": [],
                    "time": "2013-06-20T17:04:29+0000"
                }
            ],
            "refs": []
        }
    ]
}