{
    "metadata": [
        [
            36,
            "Sulfate-Methane-Sulfonic-Acid",
            "KBaseBiochem.Media-1.0",
            "2021-09-08T22:19:39+0000",
            1,
            "anabcoelho",
            98416,
            "anabcoelho:narrative_1631138337034",
            "eb1ba7ac51a9ee6e948a58b0521f1e46",
            2075,
            {}
        ]
    ],
    "provenance": [
        {
            "copied": "262/195/1",
            "copy_source_inaccessible": 0,
            "created": "2014-01-18T09:50:48+0000",
            "creator": "chenry",
            "epoch": 1390038648901,
            "extracted_ids": {},
            "info": [
                36,
                "Sulfate-Methane-Sulfonic-Acid",
                "KBaseBiochem.Media-1.0",
                "2021-09-08T22:19:39+0000",
                1,
                "anabcoelho",
                98416,
                "anabcoelho:narrative_1631138337034",
                "eb1ba7ac51a9ee6e948a58b0521f1e46",
                2075,
                {}
            ],
            "path": [
                "98416/36/1"
            ],
            "provenance": [
                {
                    "custom": {},
                    "epoch": 1377532780000,
                    "external_data": [],
                    "input_ws_objects": [],
                    "intermediate_incoming": [],
                    "intermediate_outgoing": [],
                    "method": "move_object",
                    "method_params": [],
                    "resolved_ws_objects": [],
                    "service": "KBaseFBAModeling",
                    "service_ver": "0",
                    "subactions": [],
                    "time": "2013-08-26T15:59:40+0000"
                }
            ],
            "refs": []
        }
    ]
}