{
    "metadata": [
        [
            156,
            "Biolog-C-lac-S-tsul",
            "KBaseBiochem.Media-1.0",
            "2021-02-11T19:36:22+0000",
            1,
            "anabcoelho",
            79695,
            "anabcoelho:narrative_1608212258873",
            "467338d77daf1bf7af605a7ec5b862c4",
            2065,
            {}
        ]
    ],
    "provenance": [
        {
            "copied": "262/469/1",
            "copy_source_inaccessible": 0,
            "created": "2014-02-10T08:53:36+0000",
            "creator": "chenry",
            "epoch": 1392022416421,
            "extracted_ids": {},
            "info": [
                156,
                "Biolog-C-lac-S-tsul",
                "KBaseBiochem.Media-1.0",
                "2021-02-11T19:36:22+0000",
                1,
                "anabcoelho",
                79695,
                "anabcoelho:narrative_1608212258873",
                "467338d77daf1bf7af605a7ec5b862c4",
                2065,
                {}
            ],
            "path": [
                "79695/156/1"
            ],
            "provenance": [
                {
                    "custom": {},
                    "epoch": 1371747885000,
                    "external_data": [],
                    "input_ws_objects": [],
                    "intermediate_incoming": [],
                    "intermediate_outgoing": [],
                    "method": "load_media_from_bio",
                    "method_params": [],
                    "resolved_ws_objects": [],
                    "service": "KBaseFBAModeling",
                    "service_ver": "0",
                    "subactions": [],
                    "time": "2013-06-20T17:04:45+0000"
                }
            ],
            "refs": []
        }
    ]
}