{
    "metadata": [
        [
            731,
            "Sulfate-2-Hydroxyethane-Sulfonic-Acid",
            "KBaseBiochem.Media-1.0",
            "2021-08-26T02:02:07+0000",
            1,
            "anabcoelho",
            97098,
            "anabcoelho:narrative_1629295500006",
            "4a09e3e37ec0ea5fafd2980c90d41703",
            2090,
            {}
        ]
    ],
    "provenance": [
        {
            "copied": "262/296/2",
            "copy_source_inaccessible": 0,
            "created": "2014-02-10T08:25:41+0000",
            "creator": "chenry",
            "epoch": 1392020741098,
            "extracted_ids": {},
            "info": [
                731,
                "Sulfate-2-Hydroxyethane-Sulfonic-Acid",
                "KBaseBiochem.Media-1.0",
                "2021-08-26T02:02:07+0000",
                1,
                "anabcoelho",
                97098,
                "anabcoelho:narrative_1629295500006",
                "4a09e3e37ec0ea5fafd2980c90d41703",
                2090,
                {}
            ],
            "path": [
                "97098/731/1"
            ],
            "provenance": [
                {
                    "custom": {},
                    "epoch": 1379604900000,
                    "external_data": [],
                    "input_ws_objects": [],
                    "intermediate_incoming": [],
                    "intermediate_outgoing": [],
                    "method": "move_object",
                    "method_params": [],
                    "resolved_ws_objects": [],
                    "service": "KBaseFBAModeling",
                    "service_ver": "0",
                    "subactions": [],
                    "time": "2013-09-19T15:35:00+0000"
                }
            ],
            "refs": []
        }
    ]
}