{
    "metadata": [
        [
            1298,
            "Sulfate-Glycine",
            "KBaseBiochem.Media-1.0",
            "2021-09-06T23:10:34+0000",
            1,
            "anabcoelho",
            97098,
            "anabcoelho:narrative_1629295500006",
            "503304f27e971624d1d4f60b0f31adc2",
            2056,
            {}
        ]
    ],
    "provenance": [
        {
            "copied": "262/510/1",
            "copy_source_inaccessible": 0,
            "created": "2014-02-10T09:00:29+0000",
            "creator": "chenry",
            "epoch": 1392022829069,
            "extracted_ids": {},
            "info": [
                1298,
                "Sulfate-Glycine",
                "KBaseBiochem.Media-1.0",
                "2021-09-06T23:10:34+0000",
                1,
                "anabcoelho",
                97098,
                "anabcoelho:narrative_1629295500006",
                "503304f27e971624d1d4f60b0f31adc2",
                2056,
                {}
            ],
            "path": [
                "97098/1298/1"
            ],
            "provenance": [
                {
                    "custom": {},
                    "epoch": 1371747875000,
                    "external_data": [],
                    "input_ws_objects": [],
                    "intermediate_incoming": [],
                    "intermediate_outgoing": [],
                    "method": "load_media_from_bio",
                    "method_params": [],
                    "resolved_ws_objects": [],
                    "service": "KBaseFBAModeling",
                    "service_ver": "0",
                    "subactions": [],
                    "time": "2013-06-20T17:04:35+0000"
                }
            ],
            "refs": []
        }
    ]
}