{
    "metadata": [
        [
            217,
            "Nitrogen-Histamine",
            "KBaseBiochem.Media-1.0",
            "2021-08-20T20:54:13+0000",
            1,
            "anabcoelho",
            97098,
            "anabcoelho:narrative_1629295500006",
            "3193f7656c7585e23bc88de11cb56051",
            2052,
            {}
        ]
    ],
    "provenance": [
        {
            "copied": "262/298/2",
            "copy_source_inaccessible": 0,
            "created": "2014-02-10T08:26:01+0000",
            "creator": "chenry",
            "epoch": 1392020761733,
            "extracted_ids": {},
            "info": [
                217,
                "Nitrogen-Histamine",
                "KBaseBiochem.Media-1.0",
                "2021-08-20T20:54:13+0000",
                1,
                "anabcoelho",
                97098,
                "anabcoelho:narrative_1629295500006",
                "3193f7656c7585e23bc88de11cb56051",
                2052,
                {}
            ],
            "path": [
                "97098/217/1"
            ],
            "provenance": [
                {
                    "custom": {},
                    "epoch": 1371747850000,
                    "external_data": [],
                    "input_ws_objects": [],
                    "intermediate_incoming": [],
                    "intermediate_outgoing": [],
                    "method": "load_media_from_bio",
                    "method_params": [],
                    "resolved_ws_objects": [],
                    "service": "KBaseFBAModeling",
                    "service_ver": "0",
                    "subactions": [],
                    "time": "2013-06-20T17:04:10+0000"
                }
            ],
            "refs": []
        }
    ]
}