{
    "metadata": [
        [
            745,
            "Sulfate-Allantoin",
            "KBaseBiochem.Media-1.0",
            "2021-08-26T02:03:03+0000",
            1,
            "anabcoelho",
            97098,
            "anabcoelho:narrative_1629295500006",
            "8b58fedb36c63ecd1909188e5f27e8c8",
            2060,
            {}
        ]
    ],
    "provenance": [
        {
            "copied": "262/434/1",
            "copy_source_inaccessible": 0,
            "created": "2014-02-10T08:47:48+0000",
            "creator": "chenry",
            "epoch": 1392022068743,
            "extracted_ids": {},
            "info": [
                745,
                "Sulfate-Allantoin",
                "KBaseBiochem.Media-1.0",
                "2021-08-26T02:03:03+0000",
                1,
                "anabcoelho",
                97098,
                "anabcoelho:narrative_1629295500006",
                "8b58fedb36c63ecd1909188e5f27e8c8",
                2060,
                {}
            ],
            "path": [
                "97098/745/1"
            ],
            "provenance": [
                {
                    "custom": {},
                    "epoch": 1371747870000,
                    "external_data": [],
                    "input_ws_objects": [],
                    "intermediate_incoming": [],
                    "intermediate_outgoing": [],
                    "method": "load_media_from_bio",
                    "method_params": [],
                    "resolved_ws_objects": [],
                    "service": "KBaseFBAModeling",
                    "service_ver": "0",
                    "subactions": [],
                    "time": "2013-06-20T17:04:30+0000"
                }
            ],
            "refs": []
        }
    ]
}