{
    "metadata": [
        [
            504,
            "Nitrogen-Urea",
            "KBaseBiochem.Media-1.0",
            "2021-08-25T02:17:58+0000",
            1,
            "anabcoelho",
            97098,
            "anabcoelho:narrative_1629295500006",
            "493f72a2a0b38b9fd3709e92aab3c6a5",
            2041,
            {}
        ]
    ],
    "provenance": [
        {
            "copied": "262/128/1",
            "copy_source_inaccessible": 0,
            "created": "2014-01-18T09:32:32+0000",
            "creator": "chenry",
            "epoch": 1390037552279,
            "extracted_ids": {},
            "info": [
                504,
                "Nitrogen-Urea",
                "KBaseBiochem.Media-1.0",
                "2021-08-25T02:17:58+0000",
                1,
                "anabcoelho",
                97098,
                "anabcoelho:narrative_1629295500006",
                "493f72a2a0b38b9fd3709e92aab3c6a5",
                2041,
                {}
            ],
            "path": [
                "97098/504/1"
            ],
            "provenance": [
                {
                    "custom": {},
                    "epoch": 1371747847000,
                    "external_data": [],
                    "input_ws_objects": [],
                    "intermediate_incoming": [],
                    "intermediate_outgoing": [],
                    "method": "load_media_from_bio",
                    "method_params": [],
                    "resolved_ws_objects": [],
                    "service": "KBaseFBAModeling",
                    "service_ver": "0",
                    "subactions": [],
                    "time": "2013-06-20T17:04:07+0000"
                }
            ],
            "refs": []
        }
    ]
}