{
    "metadata": [
        [
            43,
            "Sulfate-N-Acetyl-L-glutamate",
            "KBaseBiochem.Media-1.0",
            "2021-09-08T22:28:37+0000",
            1,
            "anabcoelho",
            98416,
            "anabcoelho:narrative_1631138337034",
            "19a2e913cdb2fb2b566c6b3e69e668d3",
            2082,
            {}
        ]
    ],
    "provenance": [
        {
            "copied": "262/467/1",
            "copy_source_inaccessible": 0,
            "created": "2014-02-10T08:53:16+0000",
            "creator": "chenry",
            "epoch": 1392022396461,
            "extracted_ids": {},
            "info": [
                43,
                "Sulfate-N-Acetyl-L-glutamate",
                "KBaseBiochem.Media-1.0",
                "2021-09-08T22:28:37+0000",
                1,
                "anabcoelho",
                98416,
                "anabcoelho:narrative_1631138337034",
                "19a2e913cdb2fb2b566c6b3e69e668d3",
                2082,
                {}
            ],
            "path": [
                "98416/43/1"
            ],
            "provenance": [
                {
                    "custom": {},
                    "epoch": 1371747880000,
                    "external_data": [],
                    "input_ws_objects": [],
                    "intermediate_incoming": [],
                    "intermediate_outgoing": [],
                    "method": "load_media_from_bio",
                    "method_params": [],
                    "resolved_ws_objects": [],
                    "service": "KBaseFBAModeling",
                    "service_ver": "0",
                    "subactions": [],
                    "time": "2013-06-20T17:04:40+0000"
                }
            ],
            "refs": []
        }
    ]
}