{
    "metadata": [
        [
            730,
            "Sulfate-2-Amino-2-deoxy-D-glucon",
            "KBaseBiochem.Media-1.0",
            "2021-08-26T02:02:04+0000",
            1,
            "anabcoelho",
            97098,
            "anabcoelho:narrative_1629295500006",
            "4a6451b7bdf5074e31403c95d4785658",
            2090,
            {}
        ]
    ],
    "provenance": [
        {
            "copied": "262/387/1",
            "copy_source_inaccessible": 0,
            "created": "2014-02-10T08:40:03+0000",
            "creator": "chenry",
            "epoch": 1392021603808,
            "extracted_ids": {},
            "info": [
                730,
                "Sulfate-2-Amino-2-deoxy-D-glucon",
                "KBaseBiochem.Media-1.0",
                "2021-08-26T02:02:04+0000",
                1,
                "anabcoelho",
                97098,
                "anabcoelho:narrative_1629295500006",
                "4a6451b7bdf5074e31403c95d4785658",
                2090,
                {}
            ],
            "path": [
                "97098/730/1"
            ],
            "provenance": [
                {
                    "custom": {},
                    "epoch": 1371747869000,
                    "external_data": [],
                    "input_ws_objects": [],
                    "intermediate_incoming": [],
                    "intermediate_outgoing": [],
                    "method": "load_media_from_bio",
                    "method_params": [],
                    "resolved_ws_objects": [],
                    "service": "KBaseFBAModeling",
                    "service_ver": "0",
                    "subactions": [],
                    "time": "2013-06-20T17:04:29+0000"
                }
            ],
            "refs": []
        }
    ]
}