{
    "metadata": [
        [
            103,
            "Nitrogen-Adenine",
            "KBaseBiochem.Media-1.0",
            "2021-08-19T15:19:57+0000",
            1,
            "anabcoelho",
            97098,
            "anabcoelho:narrative_1629295500006",
            "6f9e9095171c5df7edaf20408db7739c",
            2048,
            {}
        ]
    ],
    "provenance": [
        {
            "copied": "262/470/1",
            "copy_source_inaccessible": 0,
            "created": "2014-02-10T08:53:46+0000",
            "creator": "chenry",
            "epoch": 1392022426347,
            "extracted_ids": {},
            "info": [
                103,
                "Nitrogen-Adenine",
                "KBaseBiochem.Media-1.0",
                "2021-08-19T15:19:57+0000",
                1,
                "anabcoelho",
                97098,
                "anabcoelho:narrative_1629295500006",
                "6f9e9095171c5df7edaf20408db7739c",
                2048,
                {}
            ],
            "path": [
                "97098/103/1"
            ],
            "provenance": [
                {
                    "custom": {},
                    "epoch": 1371747853000,
                    "external_data": [],
                    "input_ws_objects": [],
                    "intermediate_incoming": [],
                    "intermediate_outgoing": [],
                    "method": "load_media_from_bio",
                    "method_params": [],
                    "resolved_ws_objects": [],
                    "service": "KBaseFBAModeling",
                    "service_ver": "0",
                    "subactions": [],
                    "time": "2013-06-20T17:04:13+0000"
                }
            ],
            "refs": []
        }
    ]
}