{
    "metadata": [
        [
            1322,
            "Sulfate-L-Isoleucine",
            "KBaseBiochem.Media-1.0",
            "2021-09-06T23:16:33+0000",
            1,
            "anabcoelho",
            97098,
            "anabcoelho:narrative_1629295500006",
            "e2f9100a379bfb2a90a9daec44610890",
            2065,
            {}
        ]
    ],
    "provenance": [
        {
            "copied": "262/42/1",
            "copy_source_inaccessible": 0,
            "created": "2014-01-18T09:11:41+0000",
            "creator": "chenry",
            "epoch": 1390036301083,
            "extracted_ids": {},
            "info": [
                1322,
                "Sulfate-L-Isoleucine",
                "KBaseBiochem.Media-1.0",
                "2021-09-06T23:16:33+0000",
                1,
                "anabcoelho",
                97098,
                "anabcoelho:narrative_1629295500006",
                "e2f9100a379bfb2a90a9daec44610890",
                2065,
                {}
            ],
            "path": [
                "97098/1322/1"
            ],
            "provenance": [
                {
                    "custom": {},
                    "epoch": 1371747877000,
                    "external_data": [],
                    "input_ws_objects": [],
                    "intermediate_incoming": [],
                    "intermediate_outgoing": [],
                    "method": "load_media_from_bio",
                    "method_params": [],
                    "resolved_ws_objects": [],
                    "service": "KBaseFBAModeling",
                    "service_ver": "0",
                    "subactions": [],
                    "time": "2013-06-20T17:04:37+0000"
                }
            ],
            "refs": []
        }
    ]
}