{
    "metadata": [
        [
            342,
            "Nitrogen-L-Alanine",
            "KBaseBiochem.Media-1.0",
            "2021-08-23T01:37:17+0000",
            1,
            "anabcoelho",
            97098,
            "anabcoelho:narrative_1629295500006",
            "2348cffe12feb407093588e1a23a9ad6",
            2051,
            {}
        ]
    ],
    "provenance": [
        {
            "copied": "262/123/1",
            "copy_source_inaccessible": 0,
            "created": "2014-01-18T09:31:14+0000",
            "creator": "chenry",
            "epoch": 1390037474803,
            "extracted_ids": {},
            "info": [
                342,
                "Nitrogen-L-Alanine",
                "KBaseBiochem.Media-1.0",
                "2021-08-23T01:37:17+0000",
                1,
                "anabcoelho",
                97098,
                "anabcoelho:narrative_1629295500006",
                "2348cffe12feb407093588e1a23a9ad6",
                2051,
                {}
            ],
            "path": [
                "97098/342/1"
            ],
            "provenance": [
                {
                    "custom": {},
                    "epoch": 1371747850000,
                    "external_data": [],
                    "input_ws_objects": [],
                    "intermediate_incoming": [],
                    "intermediate_outgoing": [],
                    "method": "load_media_from_bio",
                    "method_params": [],
                    "resolved_ws_objects": [],
                    "service": "KBaseFBAModeling",
                    "service_ver": "0",
                    "subactions": [],
                    "time": "2013-06-20T17:04:10+0000"
                }
            ],
            "refs": []
        }
    ]
}