{
    "metadata": [
        [
            56,
            "Nitrogen-L-Isoleucine",
            "KBaseBiochem.Media-1.0",
            "2021-09-21T17:54:44+0000",
            1,
            "anabcoelho",
            99184,
            "anabcoelho:narrative_1632182780536",
            "20c51f0f2ddda13917f2ab9cf2f60614",
            2057,
            {}
        ]
    ],
    "provenance": [
        {
            "copied": "262/111/1",
            "copy_source_inaccessible": 0,
            "created": "2014-01-18T09:28:15+0000",
            "creator": "chenry",
            "epoch": 1390037295431,
            "extracted_ids": {},
            "info": [
                56,
                "Nitrogen-L-Isoleucine",
                "KBaseBiochem.Media-1.0",
                "2021-09-21T17:54:44+0000",
                1,
                "anabcoelho",
                99184,
                "anabcoelho:narrative_1632182780536",
                "20c51f0f2ddda13917f2ab9cf2f60614",
                2057,
                {}
            ],
            "path": [
                "99184/56/1"
            ],
            "provenance": [
                {
                    "custom": {},
                    "epoch": 1371747849000,
                    "external_data": [],
                    "input_ws_objects": [],
                    "intermediate_incoming": [],
                    "intermediate_outgoing": [],
                    "method": "load_media_from_bio",
                    "method_params": [],
                    "resolved_ws_objects": [],
                    "service": "KBaseFBAModeling",
                    "service_ver": "0",
                    "subactions": [],
                    "time": "2013-06-20T17:04:09+0000"
                }
            ],
            "refs": []
        }
    ]
}