{
    "metadata": [
        [
            101,
            "Sulfate-Thymidine",
            "KBaseBiochem.Media-1.0",
            "2021-09-21T18:10:05+0000",
            1,
            "anabcoelho",
            99184,
            "anabcoelho:narrative_1632182780536",
            "3bac988f5d09d1ec6b9cb5a5ec0a4f49",
            2060,
            {}
        ]
    ],
    "provenance": [
        {
            "copied": "262/230/3",
            "copy_source_inaccessible": 0,
            "created": "2014-02-10T13:52:27+0000",
            "creator": "chenry",
            "epoch": 1392040347640,
            "extracted_ids": {},
            "info": [
                101,
                "Sulfate-Thymidine",
                "KBaseBiochem.Media-1.0",
                "2021-09-21T18:10:05+0000",
                1,
                "anabcoelho",
                99184,
                "anabcoelho:narrative_1632182780536",
                "3bac988f5d09d1ec6b9cb5a5ec0a4f49",
                2060,
                {}
            ],
            "path": [
                "99184/101/1"
            ],
            "provenance": [
                {
                    "custom": {},
                    "epoch": 1371747882000,
                    "external_data": [],
                    "input_ws_objects": [],
                    "intermediate_incoming": [],
                    "intermediate_outgoing": [],
                    "method": "load_media_from_bio",
                    "method_params": [],
                    "resolved_ws_objects": [],
                    "service": "KBaseFBAModeling",
                    "service_ver": "0",
                    "subactions": [],
                    "time": "2013-06-20T17:04:42+0000"
                }
            ],
            "refs": []
        }
    ]
}