{
    "metadata": [
        [
            214,
            "Nitrogen-Glycine",
            "KBaseBiochem.Media-1.0",
            "2021-08-20T20:53:59+0000",
            1,
            "anabcoelho",
            97098,
            "anabcoelho:narrative_1629295500006",
            "dce8cfd89b33330c8db891950fbde9a2",
            2047,
            {}
        ]
    ],
    "provenance": [
        {
            "copied": "262/26/1",
            "copy_source_inaccessible": 0,
            "created": "2014-01-18T09:07:25+0000",
            "creator": "chenry",
            "epoch": 1390036045119,
            "extracted_ids": {},
            "info": [
                214,
                "Nitrogen-Glycine",
                "KBaseBiochem.Media-1.0",
                "2021-08-20T20:53:59+0000",
                1,
                "anabcoelho",
                97098,
                "anabcoelho:narrative_1629295500006",
                "dce8cfd89b33330c8db891950fbde9a2",
                2047,
                {}
            ],
            "path": [
                "97098/214/1"
            ],
            "provenance": [
                {
                    "custom": {},
                    "epoch": 1371747850000,
                    "external_data": [],
                    "input_ws_objects": [],
                    "intermediate_incoming": [],
                    "intermediate_outgoing": [],
                    "method": "load_media_from_bio",
                    "method_params": [],
                    "resolved_ws_objects": [],
                    "service": "KBaseFBAModeling",
                    "service_ver": "0",
                    "subactions": [],
                    "time": "2013-06-20T17:04:10+0000"
                }
            ],
            "refs": []
        }
    ]
}