{
    "metadata": [
        [
            1326,
            "Sulfate-L-Methionine",
            "KBaseBiochem.Media-1.0",
            "2021-09-06T23:16:58+0000",
            1,
            "anabcoelho",
            97098,
            "anabcoelho:narrative_1629295500006",
            "2910ac62d21e5e81cefdbc04fd25f79c",
            2056,
            {}
        ]
    ],
    "provenance": [
        {
            "copied": "262/232/3",
            "copy_source_inaccessible": 0,
            "created": "2014-02-10T08:14:59+0000",
            "creator": "chenry",
            "epoch": 1392020099476,
            "extracted_ids": {},
            "info": [
                1326,
                "Sulfate-L-Methionine",
                "KBaseBiochem.Media-1.0",
                "2021-09-06T23:16:58+0000",
                1,
                "anabcoelho",
                97098,
                "anabcoelho:narrative_1629295500006",
                "2910ac62d21e5e81cefdbc04fd25f79c",
                2056,
                {}
            ],
            "path": [
                "97098/1326/1"
            ],
            "provenance": [
                {
                    "custom": {},
                    "epoch": 1371747878000,
                    "external_data": [],
                    "input_ws_objects": [],
                    "intermediate_incoming": [],
                    "intermediate_outgoing": [],
                    "method": "load_media_from_bio",
                    "method_params": [],
                    "resolved_ws_objects": [],
                    "service": "KBaseFBAModeling",
                    "service_ver": "0",
                    "subactions": [],
                    "time": "2013-06-20T17:04:38+0000"
                }
            ],
            "refs": []
        }
    ]
}