{
    "metadata": [
        [
            315,
            "Sulfate-Quinate",
            "KBaseBiochem.Media-1.0",
            "2021-09-10T02:29:40+0000",
            1,
            "anabcoelho",
            98416,
            "anabcoelho:narrative_1631138337034",
            "a897a80f7e6de4dd6c86b80f39ee4d64",
            2055,
            {}
        ]
    ],
    "provenance": [
        {
            "copied": "262/64/1",
            "copy_source_inaccessible": 0,
            "created": "2014-01-18T09:16:35+0000",
            "creator": "chenry",
            "epoch": 1390036595139,
            "extracted_ids": {},
            "info": [
                315,
                "Sulfate-Quinate",
                "KBaseBiochem.Media-1.0",
                "2021-09-10T02:29:40+0000",
                1,
                "anabcoelho",
                98416,
                "anabcoelho:narrative_1631138337034",
                "a897a80f7e6de4dd6c86b80f39ee4d64",
                2055,
                {}
            ],
            "path": [
                "98416/315/1"
            ],
            "provenance": [
                {
                    "custom": {},
                    "epoch": 1371747881000,
                    "external_data": [],
                    "input_ws_objects": [],
                    "intermediate_incoming": [],
                    "intermediate_outgoing": [],
                    "method": "load_media_from_bio",
                    "method_params": [],
                    "resolved_ws_objects": [],
                    "service": "KBaseFBAModeling",
                    "service_ver": "0",
                    "subactions": [],
                    "time": "2013-06-20T17:04:41+0000"
                }
            ],
            "refs": []
        }
    ]
}