{
    "metadata": [
        [
            348,
            "Nitrogen-L-Glutamic-Acid",
            "KBaseBiochem.Media-1.0",
            "2021-08-23T01:37:51+0000",
            1,
            "anabcoelho",
            97098,
            "anabcoelho:narrative_1629295500006",
            "6d20151f5ab5461e204f486e1c2ed577",
            2064,
            {}
        ]
    ],
    "provenance": [
        {
            "copied": "262/276/2",
            "copy_source_inaccessible": 0,
            "created": "2014-02-10T08:22:06+0000",
            "creator": "chenry",
            "epoch": 1392020526034,
            "extracted_ids": {},
            "info": [
                348,
                "Nitrogen-L-Glutamic-Acid",
                "KBaseBiochem.Media-1.0",
                "2021-08-23T01:37:51+0000",
                1,
                "anabcoelho",
                97098,
                "anabcoelho:narrative_1629295500006",
                "6d20151f5ab5461e204f486e1c2ed577",
                2064,
                {}
            ],
            "path": [
                "97098/348/1"
            ],
            "provenance": [
                {
                    "custom": {},
                    "epoch": 1377532721000,
                    "external_data": [],
                    "input_ws_objects": [],
                    "intermediate_incoming": [],
                    "intermediate_outgoing": [],
                    "method": "move_object",
                    "method_params": [],
                    "resolved_ws_objects": [],
                    "service": "KBaseFBAModeling",
                    "service_ver": "0",
                    "subactions": [],
                    "time": "2013-08-26T15:58:41+0000"
                }
            ],
            "refs": []
        }
    ]
}