{
    "metadata": [
        [
            343,
            "Nitrogen-L-Arginine",
            "KBaseBiochem.Media-1.0",
            "2021-08-23T01:37:21+0000",
            1,
            "anabcoelho",
            97098,
            "anabcoelho:narrative_1629295500006",
            "13d240d1abe9e0877c41ff0271dc6fa1",
            2054,
            {}
        ]
    ],
    "provenance": [
        {
            "copied": "262/383/1",
            "copy_source_inaccessible": 0,
            "created": "2014-02-10T08:39:23+0000",
            "creator": "chenry",
            "epoch": 1392021563802,
            "extracted_ids": {},
            "info": [
                343,
                "Nitrogen-L-Arginine",
                "KBaseBiochem.Media-1.0",
                "2021-08-23T01:37:21+0000",
                1,
                "anabcoelho",
                97098,
                "anabcoelho:narrative_1629295500006",
                "13d240d1abe9e0877c41ff0271dc6fa1",
                2054,
                {}
            ],
            "path": [
                "97098/343/1"
            ],
            "provenance": [
                {
                    "custom": {},
                    "epoch": 1371747850000,
                    "external_data": [],
                    "input_ws_objects": [],
                    "intermediate_incoming": [],
                    "intermediate_outgoing": [],
                    "method": "load_media_from_bio",
                    "method_params": [],
                    "resolved_ws_objects": [],
                    "service": "KBaseFBAModeling",
                    "service_ver": "0",
                    "subactions": [],
                    "time": "2013-06-20T17:04:10+0000"
                }
            ],
            "refs": []
        }
    ]
}