{
    "metadata": [
        [
            60,
            "Nitrogen-Putrescine",
            "KBaseBiochem.Media-1.0",
            "2021-09-21T17:55:15+0000",
            1,
            "anabcoelho",
            99184,
            "anabcoelho:narrative_1632182780536",
            "7cb0e39f66a87753dae2630bbc65a9db",
            2054,
            {}
        ]
    ],
    "provenance": [
        {
            "copied": "262/440/1",
            "copy_source_inaccessible": 0,
            "created": "2014-02-10T08:48:51+0000",
            "creator": "chenry",
            "epoch": 1392022131169,
            "extracted_ids": {},
            "info": [
                60,
                "Nitrogen-Putrescine",
                "KBaseBiochem.Media-1.0",
                "2021-09-21T17:55:15+0000",
                1,
                "anabcoelho",
                99184,
                "anabcoelho:narrative_1632182780536",
                "7cb0e39f66a87753dae2630bbc65a9db",
                2054,
                {}
            ],
            "path": [
                "99184/60/1"
            ],
            "provenance": [
                {
                    "custom": {},
                    "epoch": 1371747847000,
                    "external_data": [],
                    "input_ws_objects": [],
                    "intermediate_incoming": [],
                    "intermediate_outgoing": [],
                    "method": "load_media_from_bio",
                    "method_params": [],
                    "resolved_ws_objects": [],
                    "service": "KBaseFBAModeling",
                    "service_ver": "0",
                    "subactions": [],
                    "time": "2013-06-20T17:04:07+0000"
                }
            ],
            "refs": []
        }
    ]
}