{
    "metadata": [
        [
            4,
            "Vibrio_cholerae_1",
            "KBaseGenomes.Genome-8.2",
            "2020-12-17T14:08:53+0000",
            1,
            "anabcoelho",
            79695,
            "anabcoelho:narrative_1608212258873",
            "1e2421fad7c9b49d8dc6bbf698b556aa",
            12530272,
            {
                "Domain": "Bacteria",
                "GC content": "0.47575",
                "Genetic code": "11",
                "Name": "Vibrio cholerae",
                "Number contigs": "126",
                "Number features": "3841",
                "Size": "3984043",
                "Source": "refseq",
                "Source ID": "NZ_NEDW01000001 (125 more accessions)",
                "Taxonomy": "cellular organisms; Bacteria; Proteobacteria; Gammaproteobacteria; Vibrionales; Vibrionaceae; Vibrio",
                "accession": "GCF_002196305.1",
                "assembly_level": "Contig",
                "refid": "GCF_002196305",
                "refname": "GCF_002196305.1",
                "url": "ftp://ftp.ncbi.nlm.nih.gov/genomes/all/GCF/002/196/305/GCF_002196305.1_ASM219630v1/GCF_002196305.1_ASM219630v1_genomic.gbff.gz",
                "version": "1"
            }
        ]
    ],
    "provenance": [
        {
            "copied": "19217/283330/1",
            "copy_source_inaccessible": 0,
            "created": "2017-06-23T08:52:41+0000",
            "creator": "qzhang",
            "epoch": 1498207961771,
            "extracted_ids": {
                "handle": [
                    "KBH_809419"
                ]
            },
            "info": [
                4,
                "Vibrio_cholerae_1",
                "KBaseGenomes.Genome-8.2",
                "2020-12-17T14:08:53+0000",
                1,
                "anabcoelho",
                79695,
                "anabcoelho:narrative_1608212258873",
                "1e2421fad7c9b49d8dc6bbf698b556aa",
                12530272,
                {
                    "Domain": "Bacteria",
                    "GC content": "0.47575",
                    "Genetic code": "11",
                    "Name": "Vibrio cholerae",
                    "Number contigs": "126",
                    "Number features": "3841",
                    "Size": "3984043",
                    "Source": "refseq",
                    "Source ID": "NZ_NEDW01000001 (125 more accessions)",
                    "Taxonomy": "cellular organisms; Bacteria; Proteobacteria; Gammaproteobacteria; Vibrionales; Vibrionaceae; Vibrio",
                    "accession": "GCF_002196305.1",
                    "assembly_level": "Contig",
                    "refid": "GCF_002196305",
                    "refname": "GCF_002196305.1",
                    "url": "ftp://ftp.ncbi.nlm.nih.gov/genomes/all/GCF/002/196/305/GCF_002196305.1_ASM219630v1/GCF_002196305.1_ASM219630v1_genomic.gbff.gz",
                    "version": "1"
                }
            ],
            "orig_wsid": 19217,
            "path": [
                "79695/4/1"
            ],
            "provenance": [
                {
                    "custom": {},
                    "external_data": [],
                    "input_ws_objects": [],
                    "method": "genbank_to_genome",
                    "method_params": [
                        {
                            "file": {
                                "ftp_url": "ftp://ftp.ncbi.nlm.nih.gov/genomes/all/GCF/002/196/305/GCF_002196305.1_ASM219630v1/GCF_002196305.1_ASM219630v1_genomic.gbff.gz"
                            },
                            "generate_ids_if_needed": 1,
                            "genome_name": "GCF_002196305.1",
                            "metadata": {
                                "accession": "GCF_002196305.1",
                                "assembly_level": "Contig",
                                "refid": "GCF_002196305",
                                "refname": "GCF_002196305.1",
                                "url": "ftp://ftp.ncbi.nlm.nih.gov/genomes/all/GCF/002/196/305/GCF_002196305.1_ASM219630v1/GCF_002196305.1_ASM219630v1_genomic.gbff.gz",
                                "version": "1"
                            },
                            "release": "1",
                            "source": "refseq",
                            "taxon_wsname": "ReferenceTaxons",
                            "type": "User upload",
                            "workspace_name": "ReferenceDataManager"
                        }
                    ],
                    "resolved_ws_objects": [],
                    "service": "GenomeFileUtil",
                    "subactions": []
                },
                {
                    "custom": {},
                    "description": "features from upload from refseq",
                    "external_data": [],
                    "input_ws_objects": [],
                    "resolved_ws_objects": [],
                    "script": "/kb/module/lib/GenomeFileUtil/core/GenbankUploaderScript.py",
                    "script_ver": "0.1",
                    "subactions": []
                }
            ],
            "refs": [
                "12570/306129/1",
                "19217/283329/1"
            ]
        }
    ]
}