{
    "metadata": [
        [
            753,
            "Sulfate-Cystathionine",
            "KBaseBiochem.Media-1.0",
            "2021-08-26T02:03:22+0000",
            1,
            "anabcoelho",
            97098,
            "anabcoelho:narrative_1629295500006",
            "f0bf4ad00a1cd339382fbfda2ea15ea1",
            2057,
            {}
        ]
    ],
    "provenance": [
        {
            "copied": "262/2/1",
            "copy_source_inaccessible": 0,
            "created": "2014-01-18T09:01:03+0000",
            "creator": "chenry",
            "epoch": 1390035663760,
            "extracted_ids": {},
            "info": [
                753,
                "Sulfate-Cystathionine",
                "KBaseBiochem.Media-1.0",
                "2021-08-26T02:03:22+0000",
                1,
                "anabcoelho",
                97098,
                "anabcoelho:narrative_1629295500006",
                "f0bf4ad00a1cd339382fbfda2ea15ea1",
                2057,
                {}
            ],
            "path": [
                "97098/753/1"
            ],
            "provenance": [
                {
                    "custom": {},
                    "epoch": 1371747871000,
                    "external_data": [],
                    "input_ws_objects": [],
                    "intermediate_incoming": [],
                    "intermediate_outgoing": [],
                    "method": "load_media_from_bio",
                    "method_params": [],
                    "resolved_ws_objects": [],
                    "service": "KBaseFBAModeling",
                    "service_ver": "0",
                    "subactions": [],
                    "time": "2013-06-20T17:04:31+0000"
                }
            ],
            "refs": []
        }
    ]
}