{
    "metadata": [
        [
            507,
            "Nitrogen-Xanthine",
            "KBaseBiochem.Media-1.0",
            "2021-08-25T02:18:20+0000",
            1,
            "anabcoelho",
            97098,
            "anabcoelho:narrative_1629295500006",
            "f60039e5716c0c0c6965ec0f6c224c5b",
            2049,
            {}
        ]
    ],
    "provenance": [
        {
            "copied": "262/13/1",
            "copy_source_inaccessible": 0,
            "created": "2014-01-18T09:03:40+0000",
            "creator": "chenry",
            "epoch": 1390035820757,
            "extracted_ids": {},
            "info": [
                507,
                "Nitrogen-Xanthine",
                "KBaseBiochem.Media-1.0",
                "2021-08-25T02:18:20+0000",
                1,
                "anabcoelho",
                97098,
                "anabcoelho:narrative_1629295500006",
                "f60039e5716c0c0c6965ec0f6c224c5b",
                2049,
                {}
            ],
            "path": [
                "97098/507/1"
            ],
            "provenance": [
                {
                    "custom": {},
                    "epoch": 1371747846000,
                    "external_data": [],
                    "input_ws_objects": [],
                    "intermediate_incoming": [],
                    "intermediate_outgoing": [],
                    "method": "load_media_from_bio",
                    "method_params": [],
                    "resolved_ws_objects": [],
                    "service": "KBaseFBAModeling",
                    "service_ver": "0",
                    "subactions": [],
                    "time": "2013-06-20T17:04:06+0000"
                }
            ],
            "refs": []
        }
    ]
}