{
    "metadata": [
        [
            77,
            "Sulfate-D-Tagatose",
            "KBaseBiochem.Media-1.0",
            "2021-09-21T18:01:46+0000",
            1,
            "anabcoelho",
            99184,
            "anabcoelho:narrative_1632182780536",
            "896126029594acea705baae36dce4b8a",
            2061,
            {}
        ]
    ],
    "provenance": [
        {
            "copied": "262/203/1",
            "copy_source_inaccessible": 0,
            "created": "2014-01-18T09:52:55+0000",
            "creator": "chenry",
            "epoch": 1390038775837,
            "extracted_ids": {},
            "info": [
                77,
                "Sulfate-D-Tagatose",
                "KBaseBiochem.Media-1.0",
                "2021-09-21T18:01:46+0000",
                1,
                "anabcoelho",
                99184,
                "anabcoelho:narrative_1632182780536",
                "896126029594acea705baae36dce4b8a",
                2061,
                {}
            ],
            "path": [
                "99184/77/1"
            ],
            "provenance": [
                {
                    "custom": {},
                    "epoch": 1371747873000,
                    "external_data": [],
                    "input_ws_objects": [],
                    "intermediate_incoming": [],
                    "intermediate_outgoing": [],
                    "method": "load_media_from_bio",
                    "method_params": [],
                    "resolved_ws_objects": [],
                    "service": "KBaseFBAModeling",
                    "service_ver": "0",
                    "subactions": [],
                    "time": "2013-06-20T17:04:33+0000"
                }
            ],
            "refs": []
        }
    ]
}