{
    "metadata": [
        [
            112,
            "Nitrogen-Ala-Thr",
            "KBaseBiochem.Media-1.0",
            "2021-08-19T15:20:21+0000",
            1,
            "anabcoelho",
            97098,
            "anabcoelho:narrative_1629295500006",
            "9a5183435c934d13b323581eb503fe71",
            2048,
            {}
        ]
    ],
    "provenance": [
        {
            "copied": "262/421/1",
            "copy_source_inaccessible": 0,
            "created": "2014-02-10T08:45:40+0000",
            "creator": "chenry",
            "epoch": 1392021940494,
            "extracted_ids": {},
            "info": [
                112,
                "Nitrogen-Ala-Thr",
                "KBaseBiochem.Media-1.0",
                "2021-08-19T15:20:21+0000",
                1,
                "anabcoelho",
                97098,
                "anabcoelho:narrative_1629295500006",
                "9a5183435c934d13b323581eb503fe71",
                2048,
                {}
            ],
            "path": [
                "97098/112/1"
            ],
            "provenance": [
                {
                    "custom": {},
                    "epoch": 1371747853000,
                    "external_data": [],
                    "input_ws_objects": [],
                    "intermediate_incoming": [],
                    "intermediate_outgoing": [],
                    "method": "load_media_from_bio",
                    "method_params": [],
                    "resolved_ws_objects": [],
                    "service": "KBaseFBAModeling",
                    "service_ver": "0",
                    "subactions": [],
                    "time": "2013-06-20T17:04:13+0000"
                }
            ],
            "refs": []
        }
    ]
}