{
    "metadata": [
        [
            746,
            "Sulfate-Amygdalin",
            "KBaseBiochem.Media-1.0",
            "2021-08-26T02:03:05+0000",
            1,
            "anabcoelho",
            97098,
            "anabcoelho:narrative_1629295500006",
            "dae67a86b1d9a71a27e3ad853102a4ff",
            2059,
            {}
        ]
    ],
    "provenance": [
        {
            "copied": "262/51/1",
            "copy_source_inaccessible": 0,
            "created": "2014-01-18T09:13:56+0000",
            "creator": "chenry",
            "epoch": 1390036436215,
            "extracted_ids": {},
            "info": [
                746,
                "Sulfate-Amygdalin",
                "KBaseBiochem.Media-1.0",
                "2021-08-26T02:03:05+0000",
                1,
                "anabcoelho",
                97098,
                "anabcoelho:narrative_1629295500006",
                "dae67a86b1d9a71a27e3ad853102a4ff",
                2059,
                {}
            ],
            "path": [
                "97098/746/1"
            ],
            "provenance": [
                {
                    "custom": {},
                    "epoch": 1371747870000,
                    "external_data": [],
                    "input_ws_objects": [],
                    "intermediate_incoming": [],
                    "intermediate_outgoing": [],
                    "method": "load_media_from_bio",
                    "method_params": [],
                    "resolved_ws_objects": [],
                    "service": "KBaseFBAModeling",
                    "service_ver": "0",
                    "subactions": [],
                    "time": "2013-06-20T17:04:30+0000"
                }
            ],
            "refs": []
        }
    ]
}