{
    "metadata": [
        [
            1332,
            "Sulfate-L-Serine",
            "KBaseBiochem.Media-1.0",
            "2021-09-06T23:19:10+0000",
            1,
            "anabcoelho",
            97098,
            "anabcoelho:narrative_1629295500006",
            "ea4371202aba6483f2ac6a4b59e9735d",
            2057,
            {}
        ]
    ],
    "provenance": [
        {
            "copied": "262/162/1",
            "copy_source_inaccessible": 0,
            "created": "2014-01-18T09:43:13+0000",
            "creator": "chenry",
            "epoch": 1390038193365,
            "extracted_ids": {},
            "info": [
                1332,
                "Sulfate-L-Serine",
                "KBaseBiochem.Media-1.0",
                "2021-09-06T23:19:10+0000",
                1,
                "anabcoelho",
                97098,
                "anabcoelho:narrative_1629295500006",
                "ea4371202aba6483f2ac6a4b59e9735d",
                2057,
                {}
            ],
            "path": [
                "97098/1332/1"
            ],
            "provenance": [
                {
                    "custom": {},
                    "epoch": 1371747878000,
                    "external_data": [],
                    "input_ws_objects": [],
                    "intermediate_incoming": [],
                    "intermediate_outgoing": [],
                    "method": "load_media_from_bio",
                    "method_params": [],
                    "resolved_ws_objects": [],
                    "service": "KBaseFBAModeling",
                    "service_ver": "0",
                    "subactions": [],
                    "time": "2013-06-20T17:04:38+0000"
                }
            ],
            "refs": []
        }
    ]
}