{
    "metadata": [
        [
            1335,
            "Sulfate-L-Tryptophan",
            "KBaseBiochem.Media-1.0",
            "2021-09-06T23:19:25+0000",
            1,
            "anabcoelho",
            97098,
            "anabcoelho:narrative_1629295500006",
            "d2efa270e3a5450a3df43eaf516cc465",
            2066,
            {}
        ]
    ],
    "provenance": [
        {
            "copied": "262/517/1",
            "copy_source_inaccessible": 0,
            "created": "2014-02-10T09:01:39+0000",
            "creator": "chenry",
            "epoch": 1392022899060,
            "extracted_ids": {},
            "info": [
                1335,
                "Sulfate-L-Tryptophan",
                "KBaseBiochem.Media-1.0",
                "2021-09-06T23:19:25+0000",
                1,
                "anabcoelho",
                97098,
                "anabcoelho:narrative_1629295500006",
                "d2efa270e3a5450a3df43eaf516cc465",
                2066,
                {}
            ],
            "path": [
                "97098/1335/1"
            ],
            "provenance": [
                {
                    "custom": {},
                    "epoch": 1371747878000,
                    "external_data": [],
                    "input_ws_objects": [],
                    "intermediate_incoming": [],
                    "intermediate_outgoing": [],
                    "method": "load_media_from_bio",
                    "method_params": [],
                    "resolved_ws_objects": [],
                    "service": "KBaseFBAModeling",
                    "service_ver": "0",
                    "subactions": [],
                    "time": "2013-06-20T17:04:38+0000"
                }
            ],
            "refs": []
        }
    ]
}