{
    "metadata": [
        [
            1094,
            "Sulfate-D-Galactose",
            "KBaseBiochem.Media-1.0",
            "2021-08-31T21:01:49+0000",
            1,
            "anabcoelho",
            97098,
            "anabcoelho:narrative_1629295500006",
            "5c8843636943cd0ad155d37acdb8599e",
            2064,
            {}
        ]
    ],
    "provenance": [
        {
            "copied": "262/233/2",
            "copy_source_inaccessible": 0,
            "created": "2014-02-10T08:15:09+0000",
            "creator": "chenry",
            "epoch": 1392020109329,
            "extracted_ids": {},
            "info": [
                1094,
                "Sulfate-D-Galactose",
                "KBaseBiochem.Media-1.0",
                "2021-08-31T21:01:49+0000",
                1,
                "anabcoelho",
                97098,
                "anabcoelho:narrative_1629295500006",
                "5c8843636943cd0ad155d37acdb8599e",
                2064,
                {}
            ],
            "path": [
                "97098/1094/1"
            ],
            "provenance": [
                {
                    "custom": {},
                    "epoch": 1371747872000,
                    "external_data": [],
                    "input_ws_objects": [],
                    "intermediate_incoming": [],
                    "intermediate_outgoing": [],
                    "method": "load_media_from_bio",
                    "method_params": [],
                    "resolved_ws_objects": [],
                    "service": "KBaseFBAModeling",
                    "service_ver": "0",
                    "subactions": [],
                    "time": "2013-06-20T17:04:32+0000"
                }
            ],
            "refs": []
        }
    ]
}