{
    "metadata": [
        [
            115,
            "Biolog-C-lac-N-acgam",
            "KBaseBiochem.Media-1.0",
            "2021-02-04T22:36:55+0000",
            1,
            "anabcoelho",
            79695,
            "anabcoelho:narrative_1608212258873",
            "9925dc4b24987a20b75114c15ffb6f1c",
            2067,
            {}
        ]
    ],
    "provenance": [
        {
            "copied": "262/289/2",
            "copy_source_inaccessible": 0,
            "created": "2014-02-10T08:24:21+0000",
            "creator": "chenry",
            "epoch": 1392020661818,
            "extracted_ids": {},
            "info": [
                115,
                "Biolog-C-lac-N-acgam",
                "KBaseBiochem.Media-1.0",
                "2021-02-04T22:36:55+0000",
                1,
                "anabcoelho",
                79695,
                "anabcoelho:narrative_1608212258873",
                "9925dc4b24987a20b75114c15ffb6f1c",
                2067,
                {}
            ],
            "path": [
                "79695/115/1"
            ],
            "provenance": [
                {
                    "custom": {},
                    "epoch": 1371747884000,
                    "external_data": [],
                    "input_ws_objects": [],
                    "intermediate_incoming": [],
                    "intermediate_outgoing": [],
                    "method": "load_media_from_bio",
                    "method_params": [],
                    "resolved_ws_objects": [],
                    "service": "KBaseFBAModeling",
                    "service_ver": "0",
                    "subactions": [],
                    "time": "2013-06-20T17:04:44+0000"
                }
            ],
            "refs": []
        }
    ]
}