{
    "metadata": [
        [
            361,
            "Nitrogen-L-Threonine",
            "KBaseBiochem.Media-1.0",
            "2021-08-23T01:38:34+0000",
            1,
            "anabcoelho",
            97098,
            "anabcoelho:narrative_1629295500006",
            "a777fade9bc53df7a1a801ade85d3053",
            2056,
            {}
        ]
    ],
    "provenance": [
        {
            "copied": "262/365/1",
            "copy_source_inaccessible": 0,
            "created": "2014-02-10T08:36:20+0000",
            "creator": "chenry",
            "epoch": 1392021380612,
            "extracted_ids": {},
            "info": [
                361,
                "Nitrogen-L-Threonine",
                "KBaseBiochem.Media-1.0",
                "2021-08-23T01:38:34+0000",
                1,
                "anabcoelho",
                97098,
                "anabcoelho:narrative_1629295500006",
                "a777fade9bc53df7a1a801ade85d3053",
                2056,
                {}
            ],
            "path": [
                "97098/361/1"
            ],
            "provenance": [
                {
                    "custom": {},
                    "epoch": 1371747848000,
                    "external_data": [],
                    "input_ws_objects": [],
                    "intermediate_incoming": [],
                    "intermediate_outgoing": [],
                    "method": "load_media_from_bio",
                    "method_params": [],
                    "resolved_ws_objects": [],
                    "service": "KBaseFBAModeling",
                    "service_ver": "0",
                    "subactions": [],
                    "time": "2013-06-20T17:04:08+0000"
                }
            ],
            "refs": []
        }
    ]
}