{
    "metadata": [
        [
            1106,
            "Sulfate-D-Psicose",
            "KBaseBiochem.Media-1.0",
            "2021-08-31T21:03:50+0000",
            1,
            "anabcoelho",
            97098,
            "anabcoelho:narrative_1629295500006",
            "d6f5965fa0a9f0b7dccebe756ab7ef3e",
            2060,
            {}
        ]
    ],
    "provenance": [
        {
            "copied": "262/236/2",
            "copy_source_inaccessible": 0,
            "created": "2014-02-10T08:15:39+0000",
            "creator": "chenry",
            "epoch": 1392020139467,
            "extracted_ids": {},
            "info": [
                1106,
                "Sulfate-D-Psicose",
                "KBaseBiochem.Media-1.0",
                "2021-08-31T21:03:50+0000",
                1,
                "anabcoelho",
                97098,
                "anabcoelho:narrative_1629295500006",
                "d6f5965fa0a9f0b7dccebe756ab7ef3e",
                2060,
                {}
            ],
            "path": [
                "97098/1106/1"
            ],
            "provenance": [
                {
                    "custom": {},
                    "epoch": 1371747873000,
                    "external_data": [],
                    "input_ws_objects": [],
                    "intermediate_incoming": [],
                    "intermediate_outgoing": [],
                    "method": "load_media_from_bio",
                    "method_params": [],
                    "resolved_ws_objects": [],
                    "service": "KBaseFBAModeling",
                    "service_ver": "0",
                    "subactions": [],
                    "time": "2013-06-20T17:04:33+0000"
                }
            ],
            "refs": []
        }
    ]
}