{
    "metadata": [
        [
            1291,
            "Sulfate-Galactitol",
            "KBaseBiochem.Media-1.0",
            "2021-09-06T23:09:37+0000",
            1,
            "anabcoelho",
            97098,
            "anabcoelho:narrative_1629295500006",
            "02bf129466b480f091dbd818615abcc7",
            2061,
            {}
        ]
    ],
    "provenance": [
        {
            "copied": "262/33/1",
            "copy_source_inaccessible": 0,
            "created": "2014-01-18T09:09:41+0000",
            "creator": "chenry",
            "epoch": 1390036181574,
            "extracted_ids": {},
            "info": [
                1291,
                "Sulfate-Galactitol",
                "KBaseBiochem.Media-1.0",
                "2021-09-06T23:09:37+0000",
                1,
                "anabcoelho",
                97098,
                "anabcoelho:narrative_1629295500006",
                "02bf129466b480f091dbd818615abcc7",
                2061,
                {}
            ],
            "path": [
                "97098/1291/1"
            ],
            "provenance": [
                {
                    "custom": {},
                    "epoch": 1371747874000,
                    "external_data": [],
                    "input_ws_objects": [],
                    "intermediate_incoming": [],
                    "intermediate_outgoing": [],
                    "method": "load_media_from_bio",
                    "method_params": [],
                    "resolved_ws_objects": [],
                    "service": "KBaseFBAModeling",
                    "service_ver": "0",
                    "subactions": [],
                    "time": "2013-06-20T17:04:34+0000"
                }
            ],
            "refs": []
        }
    ]
}