{
    "metadata": [
        [
            149,
            "Biolog-C-lac-N-pro-l",
            "KBaseBiochem.Media-1.0",
            "2021-02-11T19:35:50+0000",
            1,
            "anabcoelho",
            79695,
            "anabcoelho:narrative_1608212258873",
            "8e88735bc9ec5ff22a5b536af1a83200",
            2067,
            {}
        ]
    ],
    "provenance": [
        {
            "copied": "262/399/1",
            "copy_source_inaccessible": 0,
            "created": "2014-02-10T08:42:01+0000",
            "creator": "chenry",
            "epoch": 1392021721572,
            "extracted_ids": {},
            "info": [
                149,
                "Biolog-C-lac-N-pro-l",
                "KBaseBiochem.Media-1.0",
                "2021-02-11T19:35:50+0000",
                1,
                "anabcoelho",
                79695,
                "anabcoelho:narrative_1608212258873",
                "8e88735bc9ec5ff22a5b536af1a83200",
                2067,
                {}
            ],
            "path": [
                "79695/149/1"
            ],
            "provenance": [
                {
                    "custom": {},
                    "epoch": 1371747885000,
                    "external_data": [],
                    "input_ws_objects": [],
                    "intermediate_incoming": [],
                    "intermediate_outgoing": [],
                    "method": "load_media_from_bio",
                    "method_params": [],
                    "resolved_ws_objects": [],
                    "service": "KBaseFBAModeling",
                    "service_ver": "0",
                    "subactions": [],
                    "time": "2013-06-20T17:04:45+0000"
                }
            ],
            "refs": []
        }
    ]
}