{
    "metadata": [
        [
            1119,
            "Sulfate-Fumarate",
            "KBaseBiochem.Media-1.0",
            "2021-08-31T21:05:07+0000",
            1,
            "anabcoelho",
            97098,
            "anabcoelho:narrative_1629295500006",
            "cd827858606cc9a3ebd682b50102b74c",
            2058,
            {}
        ]
    ],
    "provenance": [
        {
            "copied": "262/494/1",
            "copy_source_inaccessible": 0,
            "created": "2014-02-10T08:57:51+0000",
            "creator": "chenry",
            "epoch": 1392022671700,
            "extracted_ids": {},
            "info": [
                1119,
                "Sulfate-Fumarate",
                "KBaseBiochem.Media-1.0",
                "2021-08-31T21:05:07+0000",
                1,
                "anabcoelho",
                97098,
                "anabcoelho:narrative_1629295500006",
                "cd827858606cc9a3ebd682b50102b74c",
                2058,
                {}
            ],
            "path": [
                "97098/1119/1"
            ],
            "provenance": [
                {
                    "custom": {},
                    "epoch": 1371747874000,
                    "external_data": [],
                    "input_ws_objects": [],
                    "intermediate_incoming": [],
                    "intermediate_outgoing": [],
                    "method": "load_media_from_bio",
                    "method_params": [],
                    "resolved_ws_objects": [],
                    "service": "KBaseFBAModeling",
                    "service_ver": "0",
                    "subactions": [],
                    "time": "2013-06-20T17:04:34+0000"
                }
            ],
            "refs": []
        }
    ]
}