{
    "metadata": [
        [
            1316,
            "Sulfate-L-Cystine",
            "KBaseBiochem.Media-1.0",
            "2021-09-06T23:15:04+0000",
            1,
            "anabcoelho",
            97098,
            "anabcoelho:narrative_1629295500006",
            "d030380f5e656fd35e156cdda93040c3",
            2060,
            {}
        ]
    ],
    "provenance": [
        {
            "copied": "262/265/2",
            "copy_source_inaccessible": 0,
            "created": "2014-02-10T08:20:18+0000",
            "creator": "chenry",
            "epoch": 1392020418865,
            "extracted_ids": {},
            "info": [
                1316,
                "Sulfate-L-Cystine",
                "KBaseBiochem.Media-1.0",
                "2021-09-06T23:15:04+0000",
                1,
                "anabcoelho",
                97098,
                "anabcoelho:narrative_1629295500006",
                "d030380f5e656fd35e156cdda93040c3",
                2060,
                {}
            ],
            "path": [
                "97098/1316/1"
            ],
            "provenance": [
                {
                    "custom": {},
                    "epoch": 1371747877000,
                    "external_data": [],
                    "input_ws_objects": [],
                    "intermediate_incoming": [],
                    "intermediate_outgoing": [],
                    "method": "load_media_from_bio",
                    "method_params": [],
                    "resolved_ws_objects": [],
                    "service": "KBaseFBAModeling",
                    "service_ver": "0",
                    "subactions": [],
                    "time": "2013-06-20T17:04:37+0000"
                }
            ],
            "refs": []
        }
    ]
}