{
    "metadata": [
        [
            89,
            "Biolog-C-dna",
            "KBaseBiochem.Media-1.0",
            "2021-02-04T18:29:55+0000",
            1,
            "anabcoelho",
            79695,
            "anabcoelho:narrative_1608212258873",
            "00b4ae3f6f06864bb7d19c054441f3a8",
            2051,
            {}
        ]
    ],
    "provenance": [
        {
            "copied": "262/270/2",
            "copy_source_inaccessible": 0,
            "created": "2014-02-10T08:21:06+0000",
            "creator": "chenry",
            "epoch": 1392020466694,
            "extracted_ids": {},
            "info": [
                89,
                "Biolog-C-dna",
                "KBaseBiochem.Media-1.0",
                "2021-02-04T18:29:55+0000",
                1,
                "anabcoelho",
                79695,
                "anabcoelho:narrative_1608212258873",
                "00b4ae3f6f06864bb7d19c054441f3a8",
                2051,
                {}
            ],
            "path": [
                "79695/89/1"
            ],
            "provenance": [
                {
                    "custom": {},
                    "epoch": 1371747886000,
                    "external_data": [],
                    "input_ws_objects": [],
                    "intermediate_incoming": [],
                    "intermediate_outgoing": [],
                    "method": "load_media_from_bio",
                    "method_params": [],
                    "resolved_ws_objects": [],
                    "service": "KBaseFBAModeling",
                    "service_ver": "0",
                    "subactions": [],
                    "time": "2013-06-20T17:04:46+0000"
                }
            ],
            "refs": []
        }
    ]
}