{
    "metadata": [
        [
            729,
            "Sulfate-2-1-beta-D-Fructosyl-n",
            "KBaseBiochem.Media-1.0",
            "2021-08-26T02:01:58+0000",
            1,
            "anabcoelho",
            97098,
            "anabcoelho:narrative_1629295500006",
            "dbc2a01db78085dd9585469bde0aae21",
            2088,
            {}
        ]
    ],
    "provenance": [
        {
            "copied": "262/495/1",
            "copy_source_inaccessible": 0,
            "created": "2014-02-10T08:58:01+0000",
            "creator": "chenry",
            "epoch": 1392022681662,
            "extracted_ids": {},
            "info": [
                729,
                "Sulfate-2-1-beta-D-Fructosyl-n",
                "KBaseBiochem.Media-1.0",
                "2021-08-26T02:01:58+0000",
                1,
                "anabcoelho",
                97098,
                "anabcoelho:narrative_1629295500006",
                "dbc2a01db78085dd9585469bde0aae21",
                2088,
                {}
            ],
            "path": [
                "97098/729/1"
            ],
            "provenance": [
                {
                    "custom": {},
                    "epoch": 1377532760000,
                    "external_data": [],
                    "input_ws_objects": [],
                    "intermediate_incoming": [],
                    "intermediate_outgoing": [],
                    "method": "move_object",
                    "method_params": [],
                    "resolved_ws_objects": [],
                    "service": "KBaseFBAModeling",
                    "service_ver": "0",
                    "subactions": [],
                    "time": "2013-08-26T15:59:20+0000"
                }
            ],
            "refs": []
        }
    ]
}