{
    "metadata": [
        [
            134,
            "Biolog-C-lac-N-adn",
            "KBaseBiochem.Media-1.0",
            "2021-02-11T19:35:05+0000",
            1,
            "anabcoelho",
            79695,
            "anabcoelho:narrative_1608212258873",
            "fae7855cc6cda14f76a5f50a5de8a5f8",
            2063,
            {}
        ]
    ],
    "provenance": [
        {
            "copied": "262/299/2",
            "copy_source_inaccessible": 0,
            "created": "2014-02-10T08:26:11+0000",
            "creator": "chenry",
            "epoch": 1392020771915,
            "extracted_ids": {},
            "info": [
                134,
                "Biolog-C-lac-N-adn",
                "KBaseBiochem.Media-1.0",
                "2021-02-11T19:35:05+0000",
                1,
                "anabcoelho",
                79695,
                "anabcoelho:narrative_1608212258873",
                "fae7855cc6cda14f76a5f50a5de8a5f8",
                2063,
                {}
            ],
            "path": [
                "79695/134/1"
            ],
            "provenance": [
                {
                    "custom": {},
                    "epoch": 1371747884000,
                    "external_data": [],
                    "input_ws_objects": [],
                    "intermediate_incoming": [],
                    "intermediate_outgoing": [],
                    "method": "load_media_from_bio",
                    "method_params": [],
                    "resolved_ws_objects": [],
                    "service": "KBaseFBAModeling",
                    "service_ver": "0",
                    "subactions": [],
                    "time": "2013-06-20T17:04:44+0000"
                }
            ],
            "refs": []
        }
    ]
}