{
    "metadata": [
        [
            1338,
            "Sulfate-Laminarin",
            "KBaseBiochem.Media-1.0",
            "2021-09-06T23:26:13+0000",
            1,
            "anabcoelho",
            97098,
            "anabcoelho:narrative_1629295500006",
            "0874a5962eb1f74f950e3a2308aef404",
            2060,
            {}
        ]
    ],
    "provenance": [
        {
            "copied": "262/406/1",
            "copy_source_inaccessible": 0,
            "created": "2014-02-10T08:43:12+0000",
            "creator": "chenry",
            "epoch": 1392021792139,
            "extracted_ids": {},
            "info": [
                1338,
                "Sulfate-Laminarin",
                "KBaseBiochem.Media-1.0",
                "2021-09-06T23:26:13+0000",
                1,
                "anabcoelho",
                97098,
                "anabcoelho:narrative_1629295500006",
                "0874a5962eb1f74f950e3a2308aef404",
                2060,
                {}
            ],
            "path": [
                "97098/1338/1"
            ],
            "provenance": [
                {
                    "custom": {},
                    "epoch": 1371747879000,
                    "external_data": [],
                    "input_ws_objects": [],
                    "intermediate_incoming": [],
                    "intermediate_outgoing": [],
                    "method": "load_media_from_bio",
                    "method_params": [],
                    "resolved_ws_objects": [],
                    "service": "KBaseFBAModeling",
                    "service_ver": "0",
                    "subactions": [],
                    "time": "2013-06-20T17:04:39+0000"
                }
            ],
            "refs": []
        }
    ]
}