{
    "metadata": [
        [
            1302,
            "Sulfate-Hypotaurine",
            "KBaseBiochem.Media-1.0",
            "2021-09-06T23:11:31+0000",
            1,
            "anabcoelho",
            97098,
            "anabcoelho:narrative_1629295500006",
            "fa6c9fecdb8bf59fed66426440a30bfc",
            2054,
            {}
        ]
    ],
    "provenance": [
        {
            "copied": "262/437/1",
            "copy_source_inaccessible": 0,
            "created": "2014-02-10T08:48:22+0000",
            "creator": "chenry",
            "epoch": 1392022102807,
            "extracted_ids": {},
            "info": [
                1302,
                "Sulfate-Hypotaurine",
                "KBaseBiochem.Media-1.0",
                "2021-09-06T23:11:31+0000",
                1,
                "anabcoelho",
                97098,
                "anabcoelho:narrative_1629295500006",
                "fa6c9fecdb8bf59fed66426440a30bfc",
                2054,
                {}
            ],
            "path": [
                "97098/1302/1"
            ],
            "provenance": [
                {
                    "custom": {},
                    "epoch": 1371747875000,
                    "external_data": [],
                    "input_ws_objects": [],
                    "intermediate_incoming": [],
                    "intermediate_outgoing": [],
                    "method": "load_media_from_bio",
                    "method_params": [],
                    "resolved_ws_objects": [],
                    "service": "KBaseFBAModeling",
                    "service_ver": "0",
                    "subactions": [],
                    "time": "2013-06-20T17:04:35+0000"
                }
            ],
            "refs": []
        }
    ]
}