{
    "metadata": [
        [
            1087,
            "Sulfate-D-Arabinose",
            "KBaseBiochem.Media-1.0",
            "2021-08-31T20:58:17+0000",
            1,
            "anabcoelho",
            97098,
            "anabcoelho:narrative_1629295500006",
            "258aed498333905371a6ff002436bb23",
            2063,
            {}
        ]
    ],
    "provenance": [
        {
            "copied": "262/161/1",
            "copy_source_inaccessible": 0,
            "created": "2014-01-18T09:42:28+0000",
            "creator": "chenry",
            "epoch": 1390038148905,
            "extracted_ids": {},
            "info": [
                1087,
                "Sulfate-D-Arabinose",
                "KBaseBiochem.Media-1.0",
                "2021-08-31T20:58:17+0000",
                1,
                "anabcoelho",
                97098,
                "anabcoelho:narrative_1629295500006",
                "258aed498333905371a6ff002436bb23",
                2063,
                {}
            ],
            "path": [
                "97098/1087/1"
            ],
            "provenance": [
                {
                    "custom": {},
                    "epoch": 1371747871000,
                    "external_data": [],
                    "input_ws_objects": [],
                    "intermediate_incoming": [],
                    "intermediate_outgoing": [],
                    "method": "load_media_from_bio",
                    "method_params": [],
                    "resolved_ws_objects": [],
                    "service": "KBaseFBAModeling",
                    "service_ver": "0",
                    "subactions": [],
                    "time": "2013-06-20T17:04:31+0000"
                }
            ],
            "refs": []
        }
    ]
}