{
    "metadata": [
        [
            51,
            "Nitrogen-D-Alanine",
            "KBaseBiochem.Media-1.0",
            "2021-09-21T17:52:49+0000",
            1,
            "anabcoelho",
            99184,
            "anabcoelho:narrative_1632182780536",
            "ca562fcf3f1b8163cf24b3f88083e76a",
            2051,
            {}
        ]
    ],
    "provenance": [
        {
            "copied": "262/180/1",
            "copy_source_inaccessible": 0,
            "created": "2014-01-18T09:47:38+0000",
            "creator": "chenry",
            "epoch": 1390038458550,
            "extracted_ids": {},
            "info": [
                51,
                "Nitrogen-D-Alanine",
                "KBaseBiochem.Media-1.0",
                "2021-09-21T17:52:49+0000",
                1,
                "anabcoelho",
                99184,
                "anabcoelho:narrative_1632182780536",
                "ca562fcf3f1b8163cf24b3f88083e76a",
                2051,
                {}
            ],
            "path": [
                "99184/51/1"
            ],
            "provenance": [
                {
                    "custom": {},
                    "epoch": 1371747852000,
                    "external_data": [],
                    "input_ws_objects": [],
                    "intermediate_incoming": [],
                    "intermediate_outgoing": [],
                    "method": "load_media_from_bio",
                    "method_params": [],
                    "resolved_ws_objects": [],
                    "service": "KBaseFBAModeling",
                    "service_ver": "0",
                    "subactions": [],
                    "time": "2013-06-20T17:04:12+0000"
                }
            ],
            "refs": []
        }
    ]
}