{
    "metadata": [
        [
            360,
            "Nitrogen-L-Serine",
            "KBaseBiochem.Media-1.0",
            "2021-08-23T01:38:32+0000",
            1,
            "anabcoelho",
            97098,
            "anabcoelho:narrative_1629295500006",
            "b29a09b577ccedcf8e9245801344804f",
            2050,
            {}
        ]
    ],
    "provenance": [
        {
            "copied": "262/441/1",
            "copy_source_inaccessible": 0,
            "created": "2014-02-10T08:49:01+0000",
            "creator": "chenry",
            "epoch": 1392022141165,
            "extracted_ids": {},
            "info": [
                360,
                "Nitrogen-L-Serine",
                "KBaseBiochem.Media-1.0",
                "2021-08-23T01:38:32+0000",
                1,
                "anabcoelho",
                97098,
                "anabcoelho:narrative_1629295500006",
                "b29a09b577ccedcf8e9245801344804f",
                2050,
                {}
            ],
            "path": [
                "97098/360/1"
            ],
            "provenance": [
                {
                    "custom": {},
                    "epoch": 1371747848000,
                    "external_data": [],
                    "input_ws_objects": [],
                    "intermediate_incoming": [],
                    "intermediate_outgoing": [],
                    "method": "load_media_from_bio",
                    "method_params": [],
                    "resolved_ws_objects": [],
                    "service": "KBaseFBAModeling",
                    "service_ver": "0",
                    "subactions": [],
                    "time": "2013-06-20T17:04:08+0000"
                }
            ],
            "refs": []
        }
    ]
}