{
    "metadata": [
        [
            1303,
            "Sulfate-Inosine",
            "KBaseBiochem.Media-1.0",
            "2021-09-06T23:11:38+0000",
            1,
            "anabcoelho",
            97098,
            "anabcoelho:narrative_1629295500006",
            "46d44193f36a7be2c30cd15dbbfc68ab",
            2055,
            {}
        ]
    ],
    "provenance": [
        {
            "copied": "262/192/1",
            "copy_source_inaccessible": 0,
            "created": "2014-01-18T09:50:19+0000",
            "creator": "chenry",
            "epoch": 1390038619134,
            "extracted_ids": {},
            "info": [
                1303,
                "Sulfate-Inosine",
                "KBaseBiochem.Media-1.0",
                "2021-09-06T23:11:38+0000",
                1,
                "anabcoelho",
                97098,
                "anabcoelho:narrative_1629295500006",
                "46d44193f36a7be2c30cd15dbbfc68ab",
                2055,
                {}
            ],
            "path": [
                "97098/1303/1"
            ],
            "provenance": [
                {
                    "custom": {},
                    "epoch": 1371747875000,
                    "external_data": [],
                    "input_ws_objects": [],
                    "intermediate_incoming": [],
                    "intermediate_outgoing": [],
                    "method": "load_media_from_bio",
                    "method_params": [],
                    "resolved_ws_objects": [],
                    "service": "KBaseFBAModeling",
                    "service_ver": "0",
                    "subactions": [],
                    "time": "2013-06-20T17:04:35+0000"
                }
            ],
            "refs": []
        }
    ]
}