{
    "metadata": [
        [
            88,
            "Sulfate-L-Cysteic-Acid",
            "KBaseBiochem.Media-1.0",
            "2021-09-21T18:05:24+0000",
            1,
            "anabcoelho",
            99184,
            "anabcoelho:narrative_1632182780536",
            "b81fd2005aae61400d209d028324fe1d",
            2060,
            {}
        ]
    ],
    "provenance": [
        {
            "copied": "262/347/1",
            "copy_source_inaccessible": 0,
            "created": "2014-02-10T08:33:27+0000",
            "creator": "chenry",
            "epoch": 1392021207979,
            "extracted_ids": {},
            "info": [
                88,
                "Sulfate-L-Cysteic-Acid",
                "KBaseBiochem.Media-1.0",
                "2021-09-21T18:05:24+0000",
                1,
                "anabcoelho",
                99184,
                "anabcoelho:narrative_1632182780536",
                "b81fd2005aae61400d209d028324fe1d",
                2060,
                {}
            ],
            "path": [
                "99184/88/1"
            ],
            "provenance": [
                {
                    "custom": {},
                    "epoch": 1377532773000,
                    "external_data": [],
                    "input_ws_objects": [],
                    "intermediate_incoming": [],
                    "intermediate_outgoing": [],
                    "method": "move_object",
                    "method_params": [],
                    "resolved_ws_objects": [],
                    "service": "KBaseFBAModeling",
                    "service_ver": "0",
                    "subactions": [],
                    "time": "2013-08-26T15:59:33+0000"
                }
            ],
            "refs": []
        }
    ]
}