{
    "metadata": [
        [
            43,
            "MinimalGrowthNMS",
            "KBaseBiochem.Media-1.0",
            "2021-09-21T01:14:19+0000",
            1,
            "anabcoelho",
            99184,
            "anabcoelho:narrative_1632182780536",
            "18a2a168624ff6bbb3b118b508d7ae45",
            4158,
            {}
        ]
    ],
    "provenance": [
        {
            "copied": "262/80/1",
            "copy_source_inaccessible": 0,
            "created": "2014-01-18T09:20:35+0000",
            "creator": "chenry",
            "epoch": 1390036835802,
            "extracted_ids": {},
            "info": [
                43,
                "MinimalGrowthNMS",
                "KBaseBiochem.Media-1.0",
                "2021-09-21T01:14:19+0000",
                1,
                "anabcoelho",
                99184,
                "anabcoelho:narrative_1632182780536",
                "18a2a168624ff6bbb3b118b508d7ae45",
                4158,
                {}
            ],
            "path": [
                "99184/43/1"
            ],
            "provenance": [
                {
                    "custom": {},
                    "epoch": 1371747854000,
                    "external_data": [],
                    "input_ws_objects": [],
                    "intermediate_incoming": [],
                    "intermediate_outgoing": [],
                    "method": "load_media_from_bio",
                    "method_params": [],
                    "resolved_ws_objects": [],
                    "service": "KBaseFBAModeling",
                    "service_ver": "0",
                    "subactions": [],
                    "time": "2013-06-20T17:04:14+0000"
                }
            ],
            "refs": []
        }
    ]
}