{
    "metadata": [
        [
            1088,
            "Sulfate-D-Arabitol",
            "KBaseBiochem.Media-1.0",
            "2021-08-31T20:58:28+0000",
            1,
            "anabcoelho",
            97098,
            "anabcoelho:narrative_1629295500006",
            "2c235cdc7ce8ae05f2d4594cef64fb21",
            2061,
            {}
        ]
    ],
    "provenance": [
        {
            "copied": "262/8/1",
            "copy_source_inaccessible": 0,
            "created": "2014-01-18T09:02:43+0000",
            "creator": "chenry",
            "epoch": 1390035763795,
            "extracted_ids": {},
            "info": [
                1088,
                "Sulfate-D-Arabitol",
                "KBaseBiochem.Media-1.0",
                "2021-08-31T20:58:28+0000",
                1,
                "anabcoelho",
                97098,
                "anabcoelho:narrative_1629295500006",
                "2c235cdc7ce8ae05f2d4594cef64fb21",
                2061,
                {}
            ],
            "path": [
                "97098/1088/1"
            ],
            "provenance": [
                {
                    "custom": {},
                    "epoch": 1371747872000,
                    "external_data": [],
                    "input_ws_objects": [],
                    "intermediate_incoming": [],
                    "intermediate_outgoing": [],
                    "method": "load_media_from_bio",
                    "method_params": [],
                    "resolved_ws_objects": [],
                    "service": "KBaseFBAModeling",
                    "service_ver": "0",
                    "subactions": [],
                    "time": "2013-06-20T17:04:32+0000"
                }
            ],
            "refs": []
        }
    ]
}