{
    "metadata": [
        [
            1118,
            "Sulfate-Formate",
            "KBaseBiochem.Media-1.0",
            "2021-08-31T21:05:05+0000",
            1,
            "anabcoelho",
            97098,
            "anabcoelho:narrative_1629295500006",
            "c20478e0c906e118c42fd62d08494c8a",
            2055,
            {}
        ]
    ],
    "provenance": [
        {
            "copied": "262/151/1",
            "copy_source_inaccessible": 0,
            "created": "2014-01-18T09:38:28+0000",
            "creator": "chenry",
            "epoch": 1390037908558,
            "extracted_ids": {},
            "info": [
                1118,
                "Sulfate-Formate",
                "KBaseBiochem.Media-1.0",
                "2021-08-31T21:05:05+0000",
                1,
                "anabcoelho",
                97098,
                "anabcoelho:narrative_1629295500006",
                "c20478e0c906e118c42fd62d08494c8a",
                2055,
                {}
            ],
            "path": [
                "97098/1118/1"
            ],
            "provenance": [
                {
                    "custom": {},
                    "epoch": 1371747874000,
                    "external_data": [],
                    "input_ws_objects": [],
                    "intermediate_incoming": [],
                    "intermediate_outgoing": [],
                    "method": "load_media_from_bio",
                    "method_params": [],
                    "resolved_ws_objects": [],
                    "service": "KBaseFBAModeling",
                    "service_ver": "0",
                    "subactions": [],
                    "time": "2013-06-20T17:04:34+0000"
                }
            ],
            "refs": []
        }
    ]
}