{
    "metadata": [
        [
            61,
            "Nitrogen-Thymine",
            "KBaseBiochem.Media-1.0",
            "2021-09-21T17:55:36+0000",
            1,
            "anabcoelho",
            99184,
            "anabcoelho:narrative_1632182780536",
            "f48bcdfc774487719199ae6ba9bddc25",
            2048,
            {}
        ]
    ],
    "provenance": [
        {
            "copied": "262/505/1",
            "copy_source_inaccessible": 0,
            "created": "2014-02-10T08:59:39+0000",
            "creator": "chenry",
            "epoch": 1392022779607,
            "extracted_ids": {},
            "info": [
                61,
                "Nitrogen-Thymine",
                "KBaseBiochem.Media-1.0",
                "2021-09-21T17:55:36+0000",
                1,
                "anabcoelho",
                99184,
                "anabcoelho:narrative_1632182780536",
                "f48bcdfc774487719199ae6ba9bddc25",
                2048,
                {}
            ],
            "path": [
                "99184/61/1"
            ],
            "provenance": [
                {
                    "custom": {},
                    "epoch": 1371747847000,
                    "external_data": [],
                    "input_ws_objects": [],
                    "intermediate_incoming": [],
                    "intermediate_outgoing": [],
                    "method": "load_media_from_bio",
                    "method_params": [],
                    "resolved_ws_objects": [],
                    "service": "KBaseFBAModeling",
                    "service_ver": "0",
                    "subactions": [],
                    "time": "2013-06-20T17:04:07+0000"
                }
            ],
            "refs": []
        }
    ]
}