{
    "metadata": [
        [
            752,
            "Sulfate-Citrate",
            "KBaseBiochem.Media-1.0",
            "2021-08-26T02:03:20+0000",
            1,
            "anabcoelho",
            97098,
            "anabcoelho:narrative_1629295500006",
            "d4c4dadc87a97467ca4754408546b202",
            2055,
            {}
        ]
    ],
    "provenance": [
        {
            "copied": "262/16/1",
            "copy_source_inaccessible": 0,
            "created": "2014-01-18T09:04:30+0000",
            "creator": "chenry",
            "epoch": 1390035870335,
            "extracted_ids": {},
            "info": [
                752,
                "Sulfate-Citrate",
                "KBaseBiochem.Media-1.0",
                "2021-08-26T02:03:20+0000",
                1,
                "anabcoelho",
                97098,
                "anabcoelho:narrative_1629295500006",
                "d4c4dadc87a97467ca4754408546b202",
                2055,
                {}
            ],
            "path": [
                "97098/752/1"
            ],
            "provenance": [
                {
                    "custom": {},
                    "epoch": 1371747871000,
                    "external_data": [],
                    "input_ws_objects": [],
                    "intermediate_incoming": [],
                    "intermediate_outgoing": [],
                    "method": "load_media_from_bio",
                    "method_params": [],
                    "resolved_ws_objects": [],
                    "service": "KBaseFBAModeling",
                    "service_ver": "0",
                    "subactions": [],
                    "time": "2013-06-20T17:04:31+0000"
                }
            ],
            "refs": []
        }
    ]
}