{
    "metadata": [
        [
            747,
            "Sulfate-Arbutin",
            "KBaseBiochem.Media-1.0",
            "2021-08-26T02:03:07+0000",
            1,
            "anabcoelho",
            97098,
            "anabcoelho:narrative_1629295500006",
            "4c7d406e15f05bff2ecea5720b2c19fe",
            2056,
            {}
        ]
    ],
    "provenance": [
        {
            "copied": "262/285/2",
            "copy_source_inaccessible": 0,
            "created": "2014-02-10T08:23:41+0000",
            "creator": "chenry",
            "epoch": 1392020621470,
            "extracted_ids": {},
            "info": [
                747,
                "Sulfate-Arbutin",
                "KBaseBiochem.Media-1.0",
                "2021-08-26T02:03:07+0000",
                1,
                "anabcoelho",
                97098,
                "anabcoelho:narrative_1629295500006",
                "4c7d406e15f05bff2ecea5720b2c19fe",
                2056,
                {}
            ],
            "path": [
                "97098/747/1"
            ],
            "provenance": [
                {
                    "custom": {},
                    "epoch": 1371747870000,
                    "external_data": [],
                    "input_ws_objects": [],
                    "intermediate_incoming": [],
                    "intermediate_outgoing": [],
                    "method": "load_media_from_bio",
                    "method_params": [],
                    "resolved_ws_objects": [],
                    "service": "KBaseFBAModeling",
                    "service_ver": "0",
                    "subactions": [],
                    "time": "2013-06-20T17:04:30+0000"
                }
            ],
            "refs": []
        }
    ]
}