{
    "metadata": [
        [
            1330,
            "Sulfate-L-Proline",
            "KBaseBiochem.Media-1.0",
            "2021-09-06T23:19:02+0000",
            1,
            "anabcoelho",
            97098,
            "anabcoelho:narrative_1629295500006",
            "cd4e876a3405d91f13f5ed77fb5a45b0",
            2059,
            {}
        ]
    ],
    "provenance": [
        {
            "copied": "262/67/1",
            "copy_source_inaccessible": 0,
            "created": "2014-01-18T09:17:26+0000",
            "creator": "chenry",
            "epoch": 1390036646335,
            "extracted_ids": {},
            "info": [
                1330,
                "Sulfate-L-Proline",
                "KBaseBiochem.Media-1.0",
                "2021-09-06T23:19:02+0000",
                1,
                "anabcoelho",
                97098,
                "anabcoelho:narrative_1629295500006",
                "cd4e876a3405d91f13f5ed77fb5a45b0",
                2059,
                {}
            ],
            "path": [
                "97098/1330/1"
            ],
            "provenance": [
                {
                    "custom": {},
                    "epoch": 1371747878000,
                    "external_data": [],
                    "input_ws_objects": [],
                    "intermediate_incoming": [],
                    "intermediate_outgoing": [],
                    "method": "load_media_from_bio",
                    "method_params": [],
                    "resolved_ws_objects": [],
                    "service": "KBaseFBAModeling",
                    "service_ver": "0",
                    "subactions": [],
                    "time": "2013-06-20T17:04:38+0000"
                }
            ],
            "refs": []
        }
    ]
}