{
    "metadata": [
        [
            1328,
            "Sulfate-L-Ornithine",
            "KBaseBiochem.Media-1.0",
            "2021-09-06T23:17:10+0000",
            1,
            "anabcoelho",
            97098,
            "anabcoelho:narrative_1629295500006",
            "9f58c1d6eb22c8ba31df15ba80093edb",
            2063,
            {}
        ]
    ],
    "provenance": [
        {
            "copied": "262/85/1",
            "copy_source_inaccessible": 0,
            "created": "2014-01-18T09:21:32+0000",
            "creator": "chenry",
            "epoch": 1390036892489,
            "extracted_ids": {},
            "info": [
                1328,
                "Sulfate-L-Ornithine",
                "KBaseBiochem.Media-1.0",
                "2021-09-06T23:17:10+0000",
                1,
                "anabcoelho",
                97098,
                "anabcoelho:narrative_1629295500006",
                "9f58c1d6eb22c8ba31df15ba80093edb",
                2063,
                {}
            ],
            "path": [
                "97098/1328/1"
            ],
            "provenance": [
                {
                    "custom": {},
                    "epoch": 1371747878000,
                    "external_data": [],
                    "input_ws_objects": [],
                    "intermediate_incoming": [],
                    "intermediate_outgoing": [],
                    "method": "load_media_from_bio",
                    "method_params": [],
                    "resolved_ws_objects": [],
                    "service": "KBaseFBAModeling",
                    "service_ver": "0",
                    "subactions": [],
                    "time": "2013-06-20T17:04:38+0000"
                }
            ],
            "refs": []
        }
    ]
}