{
    "metadata": [
        [
            67,
            "Nitrogen-g-Amino-N-Butyric-Acid",
            "KBaseBiochem.Media-1.0",
            "2021-09-21T17:56:22+0000",
            1,
            "anabcoelho",
            99184,
            "anabcoelho:narrative_1632182780536",
            "ed3304aae82aa7963af0d1650ba65e33",
            2077,
            {}
        ]
    ],
    "provenance": [
        {
            "copied": "262/144/1",
            "copy_source_inaccessible": 0,
            "created": "2014-01-18T09:36:27+0000",
            "creator": "chenry",
            "epoch": 1390037787213,
            "extracted_ids": {},
            "info": [
                67,
                "Nitrogen-g-Amino-N-Butyric-Acid",
                "KBaseBiochem.Media-1.0",
                "2021-09-21T17:56:22+0000",
                1,
                "anabcoelho",
                99184,
                "anabcoelho:narrative_1632182780536",
                "ed3304aae82aa7963af0d1650ba65e33",
                2077,
                {}
            ],
            "path": [
                "99184/67/1"
            ],
            "provenance": [
                {
                    "custom": {},
                    "epoch": 1377532719000,
                    "external_data": [],
                    "input_ws_objects": [],
                    "intermediate_incoming": [],
                    "intermediate_outgoing": [],
                    "method": "move_object",
                    "method_params": [],
                    "resolved_ws_objects": [],
                    "service": "KBaseFBAModeling",
                    "service_ver": "0",
                    "subactions": [],
                    "time": "2013-08-26T15:58:39+0000"
                }
            ],
            "refs": []
        }
    ]
}