{
    "metadata": [
        [
            209,
            "Nitrogen-Formamide",
            "KBaseBiochem.Media-1.0",
            "2021-08-20T20:53:29+0000",
            1,
            "anabcoelho",
            97098,
            "anabcoelho:narrative_1629295500006",
            "6da5e3476598280433716b802688cb81",
            2052,
            {}
        ]
    ],
    "provenance": [
        {
            "copied": "262/358/1",
            "copy_source_inaccessible": 0,
            "created": "2014-02-10T08:35:14+0000",
            "creator": "chenry",
            "epoch": 1392021314435,
            "extracted_ids": {},
            "info": [
                209,
                "Nitrogen-Formamide",
                "KBaseBiochem.Media-1.0",
                "2021-08-20T20:53:29+0000",
                1,
                "anabcoelho",
                97098,
                "anabcoelho:narrative_1629295500006",
                "6da5e3476598280433716b802688cb81",
                2052,
                {}
            ],
            "path": [
                "97098/209/1"
            ],
            "provenance": [
                {
                    "custom": {},
                    "epoch": 1371747851000,
                    "external_data": [],
                    "input_ws_objects": [],
                    "intermediate_incoming": [],
                    "intermediate_outgoing": [],
                    "method": "load_media_from_bio",
                    "method_params": [],
                    "resolved_ws_objects": [],
                    "service": "KBaseFBAModeling",
                    "service_ver": "0",
                    "subactions": [],
                    "time": "2013-06-20T17:04:11+0000"
                }
            ],
            "refs": []
        }
    ]
}