{
    "metadata": [
        [
            500,
            "Nitrogen-Thymidine",
            "KBaseBiochem.Media-1.0",
            "2021-08-25T02:17:40+0000",
            1,
            "anabcoelho",
            97098,
            "anabcoelho:narrative_1629295500006",
            "78d9a4946659866def590ef1c2927c51",
            2051,
            {}
        ]
    ],
    "provenance": [
        {
            "copied": "262/156/1",
            "copy_source_inaccessible": 0,
            "created": "2014-01-18T09:39:38+0000",
            "creator": "chenry",
            "epoch": 1390037978636,
            "extracted_ids": {},
            "info": [
                500,
                "Nitrogen-Thymidine",
                "KBaseBiochem.Media-1.0",
                "2021-08-25T02:17:40+0000",
                1,
                "anabcoelho",
                97098,
                "anabcoelho:narrative_1629295500006",
                "78d9a4946659866def590ef1c2927c51",
                2051,
                {}
            ],
            "path": [
                "97098/500/1"
            ],
            "provenance": [
                {
                    "custom": {},
                    "epoch": 1371747847000,
                    "external_data": [],
                    "input_ws_objects": [],
                    "intermediate_incoming": [],
                    "intermediate_outgoing": [],
                    "method": "load_media_from_bio",
                    "method_params": [],
                    "resolved_ws_objects": [],
                    "service": "KBaseFBAModeling",
                    "service_ver": "0",
                    "subactions": [],
                    "time": "2013-06-20T17:04:07+0000"
                }
            ],
            "refs": []
        }
    ]
}