{
    "metadata": [
        [
            106,
            "Sulfate-Uridine",
            "KBaseBiochem.Media-1.0",
            "2021-12-11T00:53:59+0000",
            1,
            "anabcoelho",
            99184,
            "anabcoelho:narrative_1632182780536",
            "8cd5b748a24fcdc5ea77f6188cabbe05",
            2055,
            {}
        ]
    ],
    "provenance": [
        {
            "copied": "262/4/1",
            "copy_source_inaccessible": 0,
            "created": "2014-01-18T09:01:49+0000",
            "creator": "chenry",
            "epoch": 1390035709209,
            "extracted_ids": {},
            "info": [
                106,
                "Sulfate-Uridine",
                "KBaseBiochem.Media-1.0",
                "2021-12-11T00:53:59+0000",
                1,
                "anabcoelho",
                99184,
                "anabcoelho:narrative_1632182780536",
                "8cd5b748a24fcdc5ea77f6188cabbe05",
                2055,
                {}
            ],
            "path": [
                "99184/106/1"
            ],
            "provenance": [
                {
                    "custom": {},
                    "epoch": 1371747883000,
                    "external_data": [],
                    "input_ws_objects": [],
                    "intermediate_incoming": [],
                    "intermediate_outgoing": [],
                    "method": "load_media_from_bio",
                    "method_params": [],
                    "resolved_ws_objects": [],
                    "service": "KBaseFBAModeling",
                    "service_ver": "0",
                    "subactions": [],
                    "time": "2013-06-20T17:04:43+0000"
                }
            ],
            "refs": []
        }
    ]
}