{
    "metadata": [
        [
            754,
            "Sulfate-Cysteamine",
            "KBaseBiochem.Media-1.0",
            "2021-08-26T02:03:32+0000",
            1,
            "anabcoelho",
            97098,
            "anabcoelho:narrative_1629295500006",
            "6e5eba52270cc90836bf4fac55a099cd",
            2051,
            {}
        ]
    ],
    "provenance": [
        {
            "copied": "262/22/1",
            "copy_source_inaccessible": 0,
            "created": "2014-01-18T09:05:44+0000",
            "creator": "chenry",
            "epoch": 1390035944043,
            "extracted_ids": {},
            "info": [
                754,
                "Sulfate-Cysteamine",
                "KBaseBiochem.Media-1.0",
                "2021-08-26T02:03:32+0000",
                1,
                "anabcoelho",
                97098,
                "anabcoelho:narrative_1629295500006",
                "6e5eba52270cc90836bf4fac55a099cd",
                2051,
                {}
            ],
            "path": [
                "97098/754/1"
            ],
            "provenance": [
                {
                    "custom": {},
                    "epoch": 1371747871000,
                    "external_data": [],
                    "input_ws_objects": [],
                    "intermediate_incoming": [],
                    "intermediate_outgoing": [],
                    "method": "load_media_from_bio",
                    "method_params": [],
                    "resolved_ws_objects": [],
                    "service": "KBaseFBAModeling",
                    "service_ver": "0",
                    "subactions": [],
                    "time": "2013-06-20T17:04:31+0000"
                }
            ],
            "refs": []
        }
    ]
}