{
    "metadata": [
        [
            14,
            "MR1Aerobic",
            "KBaseBiochem.Media-1.0",
            "2021-09-21T00:30:03+0000",
            1,
            "anabcoelho",
            99184,
            "anabcoelho:narrative_1632182780536",
            "b26d6899c568dc26aa77aa1cbe93357b",
            2340,
            {}
        ]
    ],
    "provenance": [
        {
            "copied": "262/134/1",
            "copy_source_inaccessible": 0,
            "created": "2014-01-18T09:33:47+0000",
            "creator": "chenry",
            "epoch": 1390037627030,
            "extracted_ids": {},
            "info": [
                14,
                "MR1Aerobic",
                "KBaseBiochem.Media-1.0",
                "2021-09-21T00:30:03+0000",
                1,
                "anabcoelho",
                99184,
                "anabcoelho:narrative_1632182780536",
                "b26d6899c568dc26aa77aa1cbe93357b",
                2340,
                {}
            ],
            "path": [
                "99184/14/1"
            ],
            "provenance": [
                {
                    "custom": {},
                    "epoch": 1371747854000,
                    "external_data": [],
                    "input_ws_objects": [],
                    "intermediate_incoming": [],
                    "intermediate_outgoing": [],
                    "method": "load_media_from_bio",
                    "method_params": [],
                    "resolved_ws_objects": [],
                    "service": "KBaseFBAModeling",
                    "service_ver": "0",
                    "subactions": [],
                    "time": "2013-06-20T17:04:14+0000"
                }
            ],
            "refs": []
        }
    ]
}