{
    "metadata": [
        [
            85,
            "Sulfate-Gentiobiose",
            "KBaseBiochem.Media-1.0",
            "2021-09-21T18:04:17+0000",
            1,
            "anabcoelho",
            99184,
            "anabcoelho:narrative_1632182780536",
            "a59229038465d37c272f10a363d8ecaa",
            2064,
            {}
        ]
    ],
    "provenance": [
        {
            "copied": "262/280/2",
            "copy_source_inaccessible": 0,
            "created": "2014-02-10T08:22:43+0000",
            "creator": "chenry",
            "epoch": 1392020563357,
            "extracted_ids": {},
            "info": [
                85,
                "Sulfate-Gentiobiose",
                "KBaseBiochem.Media-1.0",
                "2021-09-21T18:04:17+0000",
                1,
                "anabcoelho",
                99184,
                "anabcoelho:narrative_1632182780536",
                "a59229038465d37c272f10a363d8ecaa",
                2064,
                {}
            ],
            "path": [
                "99184/85/1"
            ],
            "provenance": [
                {
                    "custom": {},
                    "epoch": 1371747874000,
                    "external_data": [],
                    "input_ws_objects": [],
                    "intermediate_incoming": [],
                    "intermediate_outgoing": [],
                    "method": "load_media_from_bio",
                    "method_params": [],
                    "resolved_ws_objects": [],
                    "service": "KBaseFBAModeling",
                    "service_ver": "0",
                    "subactions": [],
                    "time": "2013-06-20T17:04:34+0000"
                }
            ],
            "refs": []
        }
    ]
}