{
    "metadata": [
        [
            143,
            "Biolog-C-lac-N-gly",
            "KBaseBiochem.Media-1.0",
            "2021-02-11T19:35:30+0000",
            1,
            "anabcoelho",
            79695,
            "anabcoelho:narrative_1608212258873",
            "17c5ba107aa0477c30671b48fc4bcebf",
            1963,
            {}
        ]
    ],
    "provenance": [
        {
            "copied": "262/331/1",
            "copy_source_inaccessible": 0,
            "created": "2014-02-10T08:30:50+0000",
            "creator": "chenry",
            "epoch": 1392021050045,
            "extracted_ids": {},
            "info": [
                143,
                "Biolog-C-lac-N-gly",
                "KBaseBiochem.Media-1.0",
                "2021-02-11T19:35:30+0000",
                1,
                "anabcoelho",
                79695,
                "anabcoelho:narrative_1608212258873",
                "17c5ba107aa0477c30671b48fc4bcebf",
                1963,
                {}
            ],
            "path": [
                "79695/143/1"
            ],
            "provenance": [
                {
                    "custom": {},
                    "epoch": 1371747884000,
                    "external_data": [],
                    "input_ws_objects": [],
                    "intermediate_incoming": [],
                    "intermediate_outgoing": [],
                    "method": "load_media_from_bio",
                    "method_params": [],
                    "resolved_ws_objects": [],
                    "service": "KBaseFBAModeling",
                    "service_ver": "0",
                    "subactions": [],
                    "time": "2013-06-20T17:04:44+0000"
                }
            ],
            "refs": []
        }
    ]
}