{
    "metadata": [
        [
            359,
            "Nitrogen-L-Pyroglutamic-Acid",
            "KBaseBiochem.Media-1.0",
            "2021-08-23T01:38:28+0000",
            1,
            "anabcoelho",
            97098,
            "anabcoelho:narrative_1629295500006",
            "73e97f2dc3adb388601b3d0c993ea272",
            2071,
            {}
        ]
    ],
    "provenance": [
        {
            "copied": "262/6/1",
            "copy_source_inaccessible": 0,
            "created": "2014-01-18T09:02:16+0000",
            "creator": "chenry",
            "epoch": 1390035736529,
            "extracted_ids": {},
            "info": [
                359,
                "Nitrogen-L-Pyroglutamic-Acid",
                "KBaseBiochem.Media-1.0",
                "2021-08-23T01:38:28+0000",
                1,
                "anabcoelho",
                97098,
                "anabcoelho:narrative_1629295500006",
                "73e97f2dc3adb388601b3d0c993ea272",
                2071,
                {}
            ],
            "path": [
                "97098/359/1"
            ],
            "provenance": [
                {
                    "custom": {},
                    "epoch": 1377532722000,
                    "external_data": [],
                    "input_ws_objects": [],
                    "intermediate_incoming": [],
                    "intermediate_outgoing": [],
                    "method": "move_object",
                    "method_params": [],
                    "resolved_ws_objects": [],
                    "service": "KBaseFBAModeling",
                    "service_ver": "0",
                    "subactions": [],
                    "time": "2013-08-26T15:58:42+0000"
                }
            ],
            "refs": []
        }
    ]
}