{
    "metadata": [
        [
            345,
            "Sulfate-tricarballylate",
            "KBaseBiochem.Media-1.0",
            "2021-09-10T02:31:59+0000",
            1,
            "anabcoelho",
            98416,
            "anabcoelho:narrative_1631138337034",
            "bfa97eb2491dbe389252b106922b094a",
            2072,
            {}
        ]
    ],
    "provenance": [
        {
            "copied": "262/302/2",
            "copy_source_inaccessible": 0,
            "created": "2014-02-10T08:26:40+0000",
            "creator": "chenry",
            "epoch": 1392020800700,
            "extracted_ids": {},
            "info": [
                345,
                "Sulfate-tricarballylate",
                "KBaseBiochem.Media-1.0",
                "2021-09-10T02:31:59+0000",
                1,
                "anabcoelho",
                98416,
                "anabcoelho:narrative_1631138337034",
                "bfa97eb2491dbe389252b106922b094a",
                2072,
                {}
            ],
            "path": [
                "98416/345/1"
            ],
            "provenance": [
                {
                    "custom": {},
                    "epoch": 1371747882000,
                    "external_data": [],
                    "input_ws_objects": [],
                    "intermediate_incoming": [],
                    "intermediate_outgoing": [],
                    "method": "load_media_from_bio",
                    "method_params": [],
                    "resolved_ws_objects": [],
                    "service": "KBaseFBAModeling",
                    "service_ver": "0",
                    "subactions": [],
                    "time": "2013-06-20T17:04:42+0000"
                }
            ],
            "refs": []
        }
    ]
}