{
    "metadata": [
        [
            329,
            "Sulfate-Thiosulfate",
            "KBaseBiochem.Media-1.0",
            "2021-09-10T02:30:37+0000",
            1,
            "anabcoelho",
            98416,
            "anabcoelho:narrative_1631138337034",
            "bcbeaff8b89bd46aa63ae6543c868d7f",
            2053,
            {}
        ]
    ],
    "provenance": [
        {
            "copied": "262/149/1",
            "copy_source_inaccessible": 0,
            "created": "2014-01-18T09:38:05+0000",
            "creator": "chenry",
            "epoch": 1390037885126,
            "extracted_ids": {},
            "info": [
                329,
                "Sulfate-Thiosulfate",
                "KBaseBiochem.Media-1.0",
                "2021-09-10T02:30:37+0000",
                1,
                "anabcoelho",
                98416,
                "anabcoelho:narrative_1631138337034",
                "bcbeaff8b89bd46aa63ae6543c868d7f",
                2053,
                {}
            ],
            "path": [
                "98416/329/1"
            ],
            "provenance": [
                {
                    "custom": {},
                    "epoch": 1371747882000,
                    "external_data": [],
                    "input_ws_objects": [],
                    "intermediate_incoming": [],
                    "intermediate_outgoing": [],
                    "method": "load_media_from_bio",
                    "method_params": [],
                    "resolved_ws_objects": [],
                    "service": "KBaseFBAModeling",
                    "service_ver": "0",
                    "subactions": [],
                    "time": "2013-06-20T17:04:42+0000"
                }
            ],
            "refs": []
        }
    ]
}