{
    "metadata": [
        [
            119,
            "S-Taurine.fba",
            "KBaseFBA.FBA-13.2",
            "2021-12-11T01:46:44+0000",
            1,
            "anabcoelho",
            99184,
            "anabcoelho:narrative_1632182780536",
            "11c3267392c7d066c069b1d89ff15611",
            37628,
            {
                "Combination deletions": "0",
                "Maximized": "1",
                "Media": "99184/110/1",
                "Minimize reactions": "0",
                "Model": "99184/116/1",
                "Number additional compounds": "0",
                "Number biomass objectives": "1",
                "Number compound bounds": "0",
                "Number compound variables": "9",
                "Number constraints": "0",
                "Number gene KO": "0",
                "Number reaction KO": "0",
                "Number reaction bounds": "0",
                "Number reaction variables": "39",
                "Objective": "0.59482"
            }
        ]
    ],
    "provenance": [
        {
            "copy_source_inaccessible": 0,
            "created": "2021-12-11T01:46:43+0000",
            "creator": "anabcoelho",
            "epoch": 1639187203842,
            "extracted_ids": {},
            "info": [
                119,
                "S-Taurine.fba",
                "KBaseFBA.FBA-13.2",
                "2021-12-11T01:46:44+0000",
                1,
                "anabcoelho",
                99184,
                "anabcoelho:narrative_1632182780536",
                "11c3267392c7d066c069b1d89ff15611",
                37628,
                {
                    "Combination deletions": "0",
                    "Maximized": "1",
                    "Media": "99184/110/1",
                    "Minimize reactions": "0",
                    "Model": "99184/116/1",
                    "Number additional compounds": "0",
                    "Number biomass objectives": "1",
                    "Number compound bounds": "0",
                    "Number compound variables": "9",
                    "Number constraints": "0",
                    "Number gene KO": "0",
                    "Number reaction KO": "0",
                    "Number reaction bounds": "0",
                    "Number reaction variables": "39",
                    "Objective": "0.59482"
                }
            ],
            "orig_wsid": 99184,
            "path": [
                "99184/119/1"
            ],
            "provenance": [
                {
                    "custom": {},
                    "external_data": [],
                    "input_ws_objects": [],
                    "method": "run_flux_balance_analysis",
                    "method_params": [
                        {
                            "activation_coefficient": 0.5,
                            "custom_bound_list": [],
                            "exp_threshold_margin": 0.1,
                            "exp_threshold_percentile": 0.5,
                            "expression_condition": "",
                            "expseries_id": null,
                            "fba_output_id": "S-Taurine.fba",
                            "fbamodel_id": "99184/116/1",
                            "feature_ko_list": "",
                            "fva": 1,
                            "max_c_uptake": null,
                            "max_n_uptake": null,
                            "max_o_uptake": null,
                            "max_p_uptake": null,
                            "max_s_uptake": null,
                            "media_id": "99184/110/1",
                            "media_supplement_list": "",
                            "minimize_flux": 1,
                            "reaction_ko_list": "",
                            "simulate_ko": 0,
                            "target_reaction": "bio1",
                            "workspace": "anabcoelho:narrative_1632182780536"
                        }
                    ],
                    "resolved_ws_objects": [],
                    "service": "fba_tools",
                    "subactions": []
                }
            ],
            "refs": [
                "99184/110/1",
                "99184/116/1"
            ]
        }
    ]
}