{
    "metadata": [
        [
            150,
            "Biolog-C-lac-N-ptrc",
            "KBaseBiochem.Media-1.0",
            "2021-02-11T19:35:53+0000",
            1,
            "anabcoelho",
            79695,
            "anabcoelho:narrative_1608212258873",
            "67b48bac129bf4dc577a7906c28d22d7",
            2064,
            {}
        ]
    ],
    "provenance": [
        {
            "copied": "262/173/1",
            "copy_source_inaccessible": 0,
            "created": "2014-01-18T09:45:56+0000",
            "creator": "chenry",
            "epoch": 1390038356963,
            "extracted_ids": {},
            "info": [
                150,
                "Biolog-C-lac-N-ptrc",
                "KBaseBiochem.Media-1.0",
                "2021-02-11T19:35:53+0000",
                1,
                "anabcoelho",
                79695,
                "anabcoelho:narrative_1608212258873",
                "67b48bac129bf4dc577a7906c28d22d7",
                2064,
                {}
            ],
            "path": [
                "79695/150/1"
            ],
            "provenance": [
                {
                    "custom": {},
                    "epoch": 1371747883000,
                    "external_data": [],
                    "input_ws_objects": [],
                    "intermediate_incoming": [],
                    "intermediate_outgoing": [],
                    "method": "load_media_from_bio",
                    "method_params": [],
                    "resolved_ws_objects": [],
                    "service": "KBaseFBAModeling",
                    "service_ver": "0",
                    "subactions": [],
                    "time": "2013-06-20T17:04:43+0000"
                }
            ],
            "refs": []
        }
    ]
}