{
    "metadata": [
        [
            383,
            "c-citrate.met",
            "KBaseFBA.FBA-13.2",
            "2021-03-25T17:59:20+0000",
            1,
            "anabcoelho",
            79695,
            "anabcoelho:narrative_1608212258873",
            "23b5b0b2092cb6a95337cb61bf2635e7",
            4370,
            {
                "Combination deletions": "0",
                "Maximized": "1",
                "Media": "79695/370/1",
                "Minimize reactions": "0",
                "Model": "79695/380/1",
                "Number additional compounds": "0",
                "Number biomass objectives": "1",
                "Number compound bounds": "0",
                "Number compound variables": "0",
                "Number constraints": "0",
                "Number gene KO": "0",
                "Number reaction KO": "0",
                "Number reaction bounds": "0",
                "Number reaction variables": "0",
                "Objective": "0"
            }
        ]
    ],
    "provenance": [
        {
            "copy_source_inaccessible": 0,
            "created": "2021-03-25T17:59:19+0000",
            "creator": "anabcoelho",
            "epoch": 1616695159693,
            "extracted_ids": {},
            "info": [
                383,
                "c-citrate.met",
                "KBaseFBA.FBA-13.2",
                "2021-03-25T17:59:20+0000",
                1,
                "anabcoelho",
                79695,
                "anabcoelho:narrative_1608212258873",
                "23b5b0b2092cb6a95337cb61bf2635e7",
                4370,
                {
                    "Combination deletions": "0",
                    "Maximized": "1",
                    "Media": "79695/370/1",
                    "Minimize reactions": "0",
                    "Model": "79695/380/1",
                    "Number additional compounds": "0",
                    "Number biomass objectives": "1",
                    "Number compound bounds": "0",
                    "Number compound variables": "0",
                    "Number constraints": "0",
                    "Number gene KO": "0",
                    "Number reaction KO": "0",
                    "Number reaction bounds": "0",
                    "Number reaction variables": "0",
                    "Objective": "0"
                }
            ],
            "orig_wsid": 79695,
            "path": [
                "79695/383/1"
            ],
            "provenance": [
                {
                    "custom": {},
                    "external_data": [],
                    "input_ws_objects": [],
                    "method": "run_flux_balance_analysis",
                    "method_params": [
                        {
                            "activation_coefficient": 0.5,
                            "custom_bound_list": [],
                            "exp_threshold_margin": 0.1,
                            "exp_threshold_percentile": 0.5,
                            "expression_condition": "",
                            "expseries_id": null,
                            "fba_output_id": "c-citrate.met",
                            "fbamodel_id": "79695/380/1",
                            "feature_ko_list": "",
                            "fva": 1,
                            "max_c_uptake": null,
                            "max_n_uptake": null,
                            "max_o_uptake": null,
                            "max_p_uptake": null,
                            "max_s_uptake": null,
                            "media_id": "79695/370/1",
                            "media_supplement_list": "",
                            "minimize_flux": 1,
                            "reaction_ko_list": "",
                            "simulate_ko": 0,
                            "target_reaction": "bio1",
                            "workspace": "anabcoelho:narrative_1608212258873"
                        }
                    ],
                    "resolved_ws_objects": [],
                    "service": "fba_tools",
                    "subactions": []
                }
            ],
            "refs": [
                "79695/370/1",
                "79695/380/1"
            ]
        }
    ]
}