{
    "metadata": [
        [
            354,
            "Nitrogen-L-Lysine",
            "KBaseBiochem.Media-1.0",
            "2021-08-23T01:38:08+0000",
            1,
            "anabcoelho",
            97098,
            "anabcoelho:narrative_1629295500006",
            "fca8b98c154769a8ed4742e90ee7787b",
            2050,
            {}
        ]
    ],
    "provenance": [
        {
            "copied": "262/273/2",
            "copy_source_inaccessible": 0,
            "created": "2014-02-10T08:21:35+0000",
            "creator": "chenry",
            "epoch": 1392020495572,
            "extracted_ids": {},
            "info": [
                354,
                "Nitrogen-L-Lysine",
                "KBaseBiochem.Media-1.0",
                "2021-08-23T01:38:08+0000",
                1,
                "anabcoelho",
                97098,
                "anabcoelho:narrative_1629295500006",
                "fca8b98c154769a8ed4742e90ee7787b",
                2050,
                {}
            ],
            "path": [
                "97098/354/1"
            ],
            "provenance": [
                {
                    "custom": {},
                    "epoch": 1371747849000,
                    "external_data": [],
                    "input_ws_objects": [],
                    "intermediate_incoming": [],
                    "intermediate_outgoing": [],
                    "method": "load_media_from_bio",
                    "method_params": [],
                    "resolved_ws_objects": [],
                    "service": "KBaseFBAModeling",
                    "service_ver": "0",
                    "subactions": [],
                    "time": "2013-06-20T17:04:09+0000"
                }
            ],
            "refs": []
        }
    ]
}