{
    "metadata": [
        [
            1304,
            "Sulfate-Itaconate",
            "KBaseBiochem.Media-1.0",
            "2021-09-06T23:11:47+0000",
            1,
            "anabcoelho",
            97098,
            "anabcoelho:narrative_1629295500006",
            "46b9cb725f205bb69a52fa2fbb972e5a",
            2060,
            {}
        ]
    ],
    "provenance": [
        {
            "copied": "262/504/1",
            "copy_source_inaccessible": 0,
            "created": "2014-02-10T08:59:29+0000",
            "creator": "chenry",
            "epoch": 1392022769803,
            "extracted_ids": {},
            "info": [
                1304,
                "Sulfate-Itaconate",
                "KBaseBiochem.Media-1.0",
                "2021-09-06T23:11:47+0000",
                1,
                "anabcoelho",
                97098,
                "anabcoelho:narrative_1629295500006",
                "46b9cb725f205bb69a52fa2fbb972e5a",
                2060,
                {}
            ],
            "path": [
                "97098/1304/1"
            ],
            "provenance": [
                {
                    "custom": {},
                    "epoch": 1371747875000,
                    "external_data": [],
                    "input_ws_objects": [],
                    "intermediate_incoming": [],
                    "intermediate_outgoing": [],
                    "method": "load_media_from_bio",
                    "method_params": [],
                    "resolved_ws_objects": [],
                    "service": "KBaseFBAModeling",
                    "service_ver": "0",
                    "subactions": [],
                    "time": "2013-06-20T17:04:35+0000"
                }
            ],
            "refs": []
        }
    ]
}