{
    "metadata": [
        [
            1292,
            "Sulfate-Gelatine",
            "KBaseBiochem.Media-1.0",
            "2021-09-06T23:09:43+0000",
            1,
            "anabcoelho",
            97098,
            "anabcoelho:narrative_1629295500006",
            "4145e52eec83a7cfdef4b971fb079aa5",
            2058,
            {}
        ]
    ],
    "provenance": [
        {
            "copied": "262/338/1",
            "copy_source_inaccessible": 0,
            "created": "2014-02-10T08:31:59+0000",
            "creator": "chenry",
            "epoch": 1392021119703,
            "extracted_ids": {},
            "info": [
                1292,
                "Sulfate-Gelatine",
                "KBaseBiochem.Media-1.0",
                "2021-09-06T23:09:43+0000",
                1,
                "anabcoelho",
                97098,
                "anabcoelho:narrative_1629295500006",
                "4145e52eec83a7cfdef4b971fb079aa5",
                2058,
                {}
            ],
            "path": [
                "97098/1292/1"
            ],
            "provenance": [
                {
                    "custom": {},
                    "epoch": 1371747874000,
                    "external_data": [],
                    "input_ws_objects": [],
                    "intermediate_incoming": [],
                    "intermediate_outgoing": [],
                    "method": "load_media_from_bio",
                    "method_params": [],
                    "resolved_ws_objects": [],
                    "service": "KBaseFBAModeling",
                    "service_ver": "0",
                    "subactions": [],
                    "time": "2013-06-20T17:04:34+0000"
                }
            ],
            "refs": []
        }
    ]
}